"","Series Category","Season Frequency","Model Fitted","Series Used","Model MASE","Forecast MASE","Shapiro-Wilks","Ljung-Box","AIC","AICc","BIC","Non-Normal Std Residuals","Correlated Std Residuals"
"1","MICRO       ",12,"ETS(M,Md,N)","Seasonal Difference",0.536958946976914,0.839508683165146,0.501207453928542,0.36409702468094,1062.24075826475,1064.06684522127,1074.06250974606,0,0
"2","MICRO       ",12,"ETS(A,Ad,N)","Box-Cox",0.566748684937626,0.81685895008088,0.357455905735361,0.378083590335907,368.816482250984,370.264758113053,381.862805870358,0,0
"3","MICRO       ",12,"ETS(M,Md,N)","Seasonal Difference",0.539563963383346,1.99525683383532,0.291019853654126,0.870726009233566,1039.93224179417,1041.75832875069,1051.75399327548,0,0
"4","MICRO       ",12,"ETS(M,Ad,N)","1st Difference",0.512629714010893,0.458013167417634,0.429543249820624,0.121483577181972,1234.55707453369,1236.03075874422,1247.51037303385,0,0
"5","MICRO       ",12,"ETS(A,A,A)","Box-Cox",0.520237491541417,2.14356835244764,0.062286925391103,0.903564668333698,906.732946707407,919.754223303152,943.697530295633,0,0
"6","MICRO       ",12,"ETS(A,Ad,N)","Seasonal Difference",0.46752083553684,0.574368455235029,0.0523990794844258,0.0800719882746723,1010.97369685111,1012.79978380763,1022.79544833243,0,0
"7","MICRO       ",12,"ETS(A,Ad,N)","1st Difference",0.513069179475458,3.96073418630562,0.0667678949284871,0.0602134450219779,1213.67041832433,1215.1186941864,1226.7167419437,0,0
"8","MICRO       ",12,"ETS(M,Md,N)","Seasonal Difference",0.507914735030425,2.05758990368213,0.292669900392956,0.20330368940466,1019.56829109971,1021.35552514226,1031.50219537909,0,0
"9","MICRO       ",12,"Damped Holt-Winters' multiplicative method with exponential trend","Seasonal Difference",0.544717417082029,0.600903577373655,0.315203961655656,0.594148091439846,1102.9273997289,1122.47025687175,1138.72911256705,0,0
"10","MICRO       ",12,"ETS(M,Ad,N)","Seasonal Difference",0.5911280778738,5.6273885779609,0.0502524078137219,0.734565264786363,1036.77993912795,1038.5671731705,1048.71384340733,0,0
"11","MICRO       ",12,"ETS(M,Ad,A)","1st Difference",0.53323820676552,6.93505525360471,0.923817631616052,0.141795331433108,1289.69315664512,1304.56272186251,1328.83212750324,0,0
"12","MICRO       ",12,"ETS(A,Ad,A)","Seasonal Difference",0.575347012079941,2.59390065343535,0.832468445400224,0.971344581704736,1111.2656181198,1130.80847526266,1147.06733095796,0,0
"13","MICRO       ",12,"ETS(M,Md,M)","Seasonal Difference",0.503319096478071,0.610355745525685,0.0553587721409334,0.778166413336451,1093.64524339296,1113.18810053582,1129.44695623112,0,0
"14","MICRO       ",12,"ETS(A,A,A)","Seasonal Difference",0.562438836657089,1.10798554767772,0.660364769293889,0.0537894201691244,1029.01436512483,1046.01436512483,1062.82709391642,0,0
"15","MICRO       ",12,"ETS(A,Ad,N)","Seasonal Difference",0.506121752922374,0.396796366162597,0.888241344324435,0.82967204123994,974.894225783002,976.681459825555,986.828130062388,0,0
"16","MICRO       ",12,"Damped Holt-Winters' multiplicative method with exponential trend","Seasonal Difference",0.505982552465707,4.57492164832127,0.853437249689823,0.190234920133659,998.256507238836,1017.79936438169,1034.05822007699,0,0
"17","MICRO       ",12,"Damped Holt-Winters' multiplicative method","Original",0.560323792717783,0.423387660232371,0.985694259230936,0.649617008648297,1179.22299841159,1193.77618990095,1218.63678376807,0,0
"18","INDUSTRY    ",12,"ETS(A,Ad,A)","Seasonal Difference",0.556366779087021,0.114136416451536,0.111708172022031,0.677615922632088,1868.76763755943,1875.89263755943,1918.17641586997,0,0
"19","INDUSTRY    ",12,"ETS(A,N,A)","Seasonal Difference",0.582593828921538,0.81486595773725,0.228715197504041,0.821145142586296,2043.17237647335,2047.57604619812,2085.59708253288,0,0
"20","INDUSTRY    ",12,"ETS(A,Ad,A)","Box-Cox",0.497368426091224,0.389557856689139,0.385146221285532,0.854200377148492,2258.56794968115,2264.36455985065,2311.12760634606,0,0
"21","INDUSTRY    ",12,"ETS(A,Ad,A)","1st Difference",0.710188399463814,0.802003013101929,0.195292378541569,2.19016181188803e-05,2139.96527704574,2145.81143089189,2192.39306498899,0,1
"22","INDUSTRY    ",12,"ETS(A,Ad,A)","Seasonal Difference",0.657940894235251,1.20776656330486,0.0750026305247602,0.264289184570978,2028.79187101979,2035.24470120847,2079.70151829123,0,0
"23","INDUSTRY    ",12,"ETS(A,Ad,A)","Seasonal Difference",0.519983003109582,1.14616294797496,0.421408966587405,0.842553764568424,2190.43711856618,2196.88994875486,2241.34676583762,0,0
"24","INDUSTRY    ",12,"ETS(M,N,M)","Seasonal Difference",0.639774946662716,0.575471118525623,0.273735291645131,0.855177692326754,2109.25178965452,2113.65545937929,2151.67649571405,0,0
"25","INDUSTRY    ",12,"ETS(A,Ad,A)","Seasonal Difference",0.632572448478801,0.710080812834559,0.0946646264143115,0.133260208359863,2241.9468413448,2248.39967153348,2292.85648861624,0,0
"26","INDUSTRY    ",12,"ETS(A,Ad,N)","Seasonal Difference",0.500716794076048,1.93452784844602,0.3943779446709,0.40021242079977,1855.89302787841,1856.67807460738,1872.31021856878,0,0
"27","INDUSTRY    ",12,"ETS(M,A,N)","Seasonal Difference",0.434028478845473,0.977334196995918,0.164848858475555,0.562191023234451,2298.6028842945,2299.10708597518,2312.74445298102,0,0
"28","INDUSTRY    ",12,"ETS(A,Ad,A)","Original",0.421659046864981,1.12280947670689,0.0641025749906144,0.559439444937149,2293.02810500842,2298.82471517791,2345.58776167332,0,0
"29","INDUSTRY    ",12,"ETS(A,Ad,A)","Seasonal Difference",0.311357408130879,0.928645151743573,2.60059430177387e-11,0.950166826343704,2275.9994132113,2282.45224339998,2326.90906048274,1,0
"30","INDUSTRY    ",12,"ETS(A,Ad,A)","Original",0.429930491281638,1.22763685636035,0.774512777755517,0.344388615739971,2239.06064481825,2244.85725498774,2291.62030148316,0,0
"31","INDUSTRY    ",12,"ETS(A,Ad,A)","Original",0.451356735415683,1.40362052643507,0.109879931718676,0.284035568999834,2326.75265182054,2332.54926199003,2379.31230848545,0,0
"32","INDUSTRY    ",12,"ETS(A,Ad,N)","Seasonal Difference",0.357970034125351,0.730010024630521,7.43633190418414e-12,0.875024761386083,2260.49586920903,2261.20773361581,2277.46575163285,1,0
"33","INDUSTRY    ",12,"ETS(A,Ad,A)","Original",0.489632782911606,1.42707223199325,0.469175178851728,0.116654782909902,2282.3388165229,2288.13542669239,2334.89847318781,0,0
"34","INDUSTRY    ",12,"ETS(A,N,A)","Original",0.25615076644417,1.63615558855203,0.063713540233276,0.940846486246396,1844.82855179774,1849.07633940836,1887.72573786317,0,0
"35","INDUSTRY    ",12,"Damped Holt's method","Seasonal Difference",0.120364329399662,4.68114464334316,1.68773385772442e-11,0.857119463272409,1904.89330981676,1905.6569461804,1921.46635342555,1,0
"36","INDUSTRY    ",12,"Damped Holt-Winters' multiplicative method","Box-Cox",0.383888425035886,1.04985961916552,0.116657233479397,0.981921783737669,4269.15880380494,4274.95541397444,4321.71846046985,0,0
"37","INDUSTRY    ",12,"ETS(M,N,M)","Original",0.495694275163669,0.590766101989305,1.21702602126531e-16,0.555630263522752,2396.03081241351,2399.99775456227,2439.83052630093,1,0
"38","INDUSTRY    ",12,"ETS(A,Ad,N)","Seasonal Difference",0.606779585015998,0.292448362814931,0.142230164479023,0.315609858789805,1936.41322851746,1937.12509292424,1953.38311094127,0,0
"39","MACRO       ",12,"ETS(M,A,M)","Box-Cox",0.102458664791264,1.01400076419296,0.0833653771518619,1.76155479092444e-09,1019.47895055043,1025.09362944951,1067.83013102023,0,1
"40","MACRO       ",12,"ETS(M,A,N)","Original",0.0947594866641628,0.681166300298079,1.89325739880865e-16,0.850971781085643,1607.92107994704,1608.41694771563,1622.14201537933,1,0
"41","MACRO       ",12,"ETS(M,Ad,A)","Original",0.176177520327857,5.95988352281459,2.23792535928745e-15,0.932746910463434,1784.66715653689,1791.00048987022,1835.86252409315,1,0
"42","MACRO       ",12,"ETS(M,Md,N)","Original",0.219525931872328,2.69853792733373,8.88754538506522e-17,0.540037081123731,1740.93639403737,1741.63639403737,1758.00151655612,1,0
"43","MACRO       ",12,"Holt-Winters' additive method","Box-Cox",0.0761800109277524,0.400775785567856,0.0543203313763037,1.11181033268792e-08,-2760.97600278766,-2755.36132388858,-2712.62482231787,0,1
"44","MACRO       ",12,"ETS(M,Md,M)","Original",0.64334552373335,1.39473546662271,0.0922327124734302,0.144021627534924,1683.53303798977,1692.77628123302,1729.11982886653,0,0
"45","MACRO       ",12,"ETS(A,N,A)","Seasonal Difference",0.413954191357087,0.760005654453898,0.0789189960946045,0.181276731140579,1081.46218145846,1088.84679684307,1117.37891877854,0,0
"46","MACRO       ",12,"ETS(M,N,N)","Original",0.0676543215185066,1.49925450267401,0.0664603955414566,0.900401527547527,1206.40589228453,1206.67555520588,1214.00369076399,0,0
"47","MACRO       ",12,"ETS(M,N,N)","Original",0.0733919432076493,3.6949137226153,0.155797264356381,0.234085118460944,1063.54367479963,1063.81333772098,1071.14147327909,0,0
"48","MACRO       ",12,"ETS(A,Ad,A)","Original",0.044532851569342,0.856524523871589,0.0781153945117194,0.790536021520248,1109.76736349194,1119.01060673518,1155.3541543687,0,0
"49","MACRO       ",12,"ETS(M,A,M)","1st Difference",0.88749450371442,0.156282368585818,0.222013891854173,0.141018814819105,1014.59119430124,1022.86146457151,1057.46160011107,0,0
"50","MACRO       ",12,"ETS(M,Ad,N)","Original",0.275198709969785,2.6402944354106,9.63365704949395e-16,0.439035691822697,1961.44043726385,1962.14043726385,1978.5055597826,1,0
"51","MACRO       ",12,"ETS(M,M,M)","Original",0.352190494181681,1.53585074886169,0.0942656552582992,0.00022614854648606,1892.50294344391,1898.11762234299,1940.8541239137,0,1
"52","MACRO       ",12,"ETS(A,Ad,A)","Box-Cox",0.0910052830380743,0.6656342772089,0.303904698392743,0.591393490470849,551.454889584161,557.788222917494,602.650257140415,0,0
"53","MACRO       ",12,"ETS(M,M,M)","Original",0.193490698635738,0.300953043675028,0.536728511223336,0.699776862147087,1916.80560039408,1921.94845753694,1966.44527613316,0,0
"54","MACRO       ",12,"ETS(M,A,A)","Original",0.31059171407243,2.33915078844231,0.0706130259735688,0.918464362688875,2120.08908373748,2125.23194088034,2169.72875947656,0,0
"55","MACRO       ",12,"ETS(M,N,M)","1st Difference",1.2717464228893,1.45329154083152,0.359123284265091,0.0605753583573014,1596.33561069659,1601.28406430483,1637.24642797727,0,0
"56","MACRO       ",12,"ETS(A,Ad,N)","Original",0.174589141038777,0.926659339716032,0.704414713986321,0.980253921667198,1985.76012935079,1986.54517607976,2002.17732004115,0,0
"57","MACRO       ",12,"ETS(M,Md,M)","Original",0.289575363253712,0.618368513581903,0.386919853895164,0.926090041290117,2160.25266973758,2166.04927990707,2212.81232640249,0,0
"58","MACRO       ",12,"Holt-Winters' additive method","Original",0.103822856644174,0.8876715560077,0.078237688384245,0.895616128690763,1290.28684950247,1296.66184950247,1336.80222312518,0,0
"59","MACRO       ",12,"ETS(M,A,A)","Box-Cox",0.284469226230554,0.530511720239424,0.0891447410827025,0.126580256441724,-1392.40575056058,-1382.53478281864,-1351.91129777112,0,0
"60","MACRO       ",12,"ETS(M,Ad,M)","Original",0.115566275645017,1.74248595242371,0.0634722890507908,0.531963988685062,1325.29930081684,1332.49930081684,1374.55087288794,0,0
"61","MACRO       ",12,"ETS(M,M,M)","Original",0.125754340861312,1.63233376390783,0.155032287955546,0.801523083248498,1538.28684787089,1544.66184787089,1584.80222149359,0,0
"62","MACRO       ",12,"ETS(A,Ad,N)","Seasonal Difference",0.616494472155234,1.19905996302271,0.923774875260084,0.299742252387474,2537.62799197714,2538.33985638392,2554.59787440096,0,0
"63","FINANCE     ",12,"ETS(M,Ad,M)","Original",0.233689711609551,2.38639707676247,0.389083626671304,0.836687568126968,2072.0320117835,2077.87816562966,2124.45979972675,0,0
"64","FINANCE     ",12,"ETS(M,Ad,A)","Box-Cox",0.0960754189899191,1.88635486614017,0.187886088141248,0.886776443067945,1334.65603899653,1340.45264916602,1387.21569566144,0,0
"65","FINANCE     ",12,"Damped Holt-Winters' multiplicative method with exponential trend","Original",0.107624683736804,1.40986515696213,0.105669682013991,0.0560065121925439,1735.63178999358,1741.42840016307,1788.19144665849,0,0
"66","FINANCE     ",12,"ETS(M,Ad,M)","Box-Cox",0.129873876796266,1.17897562263438,0.521020346281262,0.728024464484569,1031.17562998727,1036.97224015676,1083.73528665217,0,0
"67","FINANCE     ",12,"Damped Holt-Winters' multiplicative method with exponential trend","Original",0.147093258735002,1.64394483032218,0.690552088305811,0.77685486262846,1943.32360905576,1949.12021922525,1995.88326572066,0,0
"68","FINANCE     ",12,"ETS(A,N,N)","Box-Cox",0.221772066426849,0.926190880642693,0.0825427824292396,0.117827321991511,983.928253573444,984.108704701263,992.688196350928,0,0
"69","FINANCE     ",12,"ETS(A,A,A)","Box-Cox",0.244184074728353,1.07416151635744,0.606558533640118,0.656234524614063,872.949074377303,878.563753276386,921.300254847099,0,0
"70","FINANCE     ",12,"ETS(M,Ad,A)","Box-Cox",0.244358212334936,0.421112566475703,2.58938864484183e-05,0.691117361612543,474.866318779587,481.19965211292,526.061686335842,1,0
"71","FINANCE     ",12,"Damped Holt-Winters' additive method","Box-Cox",0.210569099514586,0.559061484346527,0.0565891951129276,0.985887715729406,340.591377879268,346.924711212601,391.786745435522,0,0
"72","FINANCE     ",12,"ETS(A,A,A)","Box-Cox",0.244343848162617,0.971510533356152,0.446848551195719,0.988983370409038,872.439693343147,878.054372242229,920.790873812943,0,0
"73","FINANCE     ",12,"ETS(M,N,M)","Seasonal Difference",0.581121561055486,0.627476203210918,0.416237200446267,0.935799987270736,2064.65362251109,2069.50210735958,2105.82760443654,0,0
"74","FINANCE     ",12,"ETS(M,Ad,M)","Original",0.428179228462907,0.784701245552662,0.0897013216621039,0.555516835285275,2250.65340652396,2256.9867398573,2301.84877408022,0,0
"75","FINANCE     ",12,"ETS(M,Md,M)","Original",0.55944616035369,2.05583052922411,0.543544281278139,0.867885027369378,2092.86777990327,2099.20111323661,2144.06314745953,0,0
"76","FINANCE     ",12,"ETS(M,M,M)","Box-Cox",0.128288764410555,0.906020286505509,0.161562720705199,0.832983999015788,1133.9918915737,1140.23678953288,1180.80292482251,0,0
"77","FINANCE     ",12,"ETS(M,M,M)","Original",0.120685076531059,3.02758831598115,0.0919588995758368,6.93889390390723e-14,1729.57934735611,1735.19402625519,1777.9305278259,0,1
"78","FINANCE     ",12,"ETS(M,N,M)","1st Difference",0.852189846936821,1.67622732774821,0.095800967619011,0.892978343090684,1567.40798476042,1571.77162112406,1609.95221336469,0,0
"79","FINANCE     ",12,"ETS(A,A,A)","Original",0.122181182315832,1.77123047940079,3.7321011742901e-07,0.809574886829206,1829.03703581138,1834.65171471046,1877.38821628117,1,0
"80","FINANCE     ",12,"ETS(M,Md,M)","1st Difference",0.716199091737697,2.97315820075751,0.651833721341547,0.292941065263892,1663.99918015363,1670.39170351811,1715.05225447875,0,0
"81","DEMOGRAPHIC ",12,"Holt's method with exponential trend","Box-Cox",0.0724928007862672,11.1238321357818,0.0512248522984231,0.978039016554207,3248.79175091107,3249.28355418976,3263.05190223067,0,0
"82","DEMOGRAPHIC ",12,"ETS(M,Md,N)","Original",0.0680512551942658,7.91455322261485,3.36503775808672e-05,0.864577575633104,1323.57193806667,1324.26615294271,1340.68411965019,1,0
"83","DEMOGRAPHIC ",12,"ETS(A,Ad,N)","Seasonal Difference",0.111361962150119,0.457004564461156,0.12090521077843,0.989379295296227,1435.74032632932,1436.51096853116,1452.26186747596,0,0
"84","DEMOGRAPHIC ",12,"Damped Holt-Winters' additive method","Seasonal Difference",0.142451554622042,3.32283547391257,0.063692315520793,0.712210730213366,1400.10972614434,1407.16127253609,1449.67434958425,0,0
"85","DEMOGRAPHIC ",12,"ETS(M,A,N)","Original",0.148918416348875,3.28478751431836,0.0533545130843525,0.985502087512873,1423.00982902492,1423.50163230361,1437.26998034452,0,0
"86","DEMOGRAPHIC ",12,"ETS(M,M,M)","Original",0.221667245799356,0.790179262854191,0.086376564440796,0.116488395124587,1986.45603355481,1992.07071245389,2034.80721402461,0,0
"87","DEMOGRAPHIC ",12,"ETS(M,Ad,M)","Original",0.270799740419863,2.28890013682144,0.603197407460169,0.775197159380586,2120.01561338508,2126.34894671841,2171.21098094133,0,0
"88","DEMOGRAPHIC ",12,"ETS(M,Md,M)","Original",0.229955941091749,5.83117618017054,5.19911551180311e-16,0.741038253524158,1936.40195896162,1942.73529229495,1987.59732651787,1,0
"89","DEMOGRAPHIC ",12,"ETS(A,Ad,A)","Seasonal Difference",0.113068495109726,0.748896900138001,0.314662370197168,0.979730172482733,933.036622375748,951.523108862234,969.492952808981,0,0
"90","DEMOGRAPHIC ",12,"ETS(A,Ad,A)","Seasonal Difference",0.205779892228139,3.50466055345283,0.868640817796907,0.962128650878493,1006.61523394234,1025.10172042883,1043.07156437557,0,0
"91","DEMOGRAPHIC ",12,"ETS(A,Ad,N)","Seasonal Difference",0.101714512119397,1.15717679188737,0.130800324216909,0.975190162785291,878.444724971746,880.159010686032,890.596835116157,0,0
"92","DEMOGRAPHIC ",12,"ETS(A,Ad,N)","Seasonal Difference",0.157817284797951,8.85380137017934,6.7179845739705e-07,0.837112297179771,1880.52830374023,1881.32075657042,1896.89263065251,1,0
"93","DEMOGRAPHIC ",12,"Holt's method","Seasonal Difference",0.127095062791768,13.0663079563422,0.0986880128586885,0.77403408198423,1778.41903663198,1778.97978429553,1792.05597572554,0,0
"94","DEMOGRAPHIC ",12,"ETS(A,N,N)","Seasonal Difference",0.129823793778717,1.69624452998549,1.00682031749409e-12,0.348512514913572,1888.16133914985,1888.38152263609,1896.34350260599,1,0
"95","DEMOGRAPHIC ",12,"ETS(A,N,N)","Seasonal Difference",0.0966462507361914,2.00501511690031,0.0902497059841692,0.10809312707681,1699.3796869531,1699.59987043934,1707.56185040924,0,0
"96","DEMOGRAPHIC ",12,"ETS(A,Ad,A)","Seasonal Difference",0.532208414823698,0.890696866246726,0.14548121902657,0.697764825131766,1211.08180824698,1222.48180824698,1253.73186959139,0,0
"97","DEMOGRAPHIC ",12,"ETS(A,Ad,A)","Original",0.108715204124834,1.03624856297286,0.208669945100781,0.946723429795829,1327.13567320125,1333.24281605839,1378.88922501887,0,0
"98","DEMOGRAPHIC ",12,"ETS(A,A,A)","Original",0.0967233514115332,1.76455111197705,0.171536979977048,0.789990849266407,1344.15632444242,1349.57225364596,1393.03467893684,0,0
"99","DEMOGRAPHIC ",12,"ETS(A,A,N)","Original",0.175436733694119,0.536505394672079,0.388013222570254,0.894897336117265,1991.54219859794,1992.02219859794,2005.91818521395,0,0
"100","DEMOGRAPHIC ",12,"ETS(A,A,A)","Original",0.0357977271321627,1.24453365112564,0.076198291938747,0.899446051388116,1110.72654684291,1116.14247604645,1159.60490133733,0,0
"101","DEMOGRAPHIC ",12,"ETS(M,Md,M)","Box-Cox",0.0562265464812034,0.740464107750624,0.349605203896209,0.613196393639768,1175.91469288745,1182.0218357446,1227.66824470507,0,0
"102","MICRO       ",4,"ETS(M,Ad,N)","Seasonal Difference",0.447029802591058,0.431803748343744,0.0888683352445079,0.705252164659539,574.653402645818,577.363080065173,584.478919604177,0,0
"103","MICRO       ",4,"ETS(M,A,A)","Box-Cox",0.162126567537394,8.26292031426626,0.892623263159727,0.625090071153175,-15.1522236128666,-9.52722361286661,0.486802951683707,0,0
"104","MICRO       ",4,"ETS(M,Md,M)","Seasonal Difference",0.61621346373812,0.656803338701416,0.061901269724864,0.134497363684821,598.854355708284,606.440562604835,615.743150249423,0,0
"105","MICRO       ",4,"ETS(M,N,A)","Seasonal Difference",0.583108790612953,0.671453091728372,0.0972909156254024,0.772862119062082,615.587165364347,619.320498697681,627.050268482432,0,0
"106","MICRO       ",4,"ETS(A,Ad,A)","Original",0.141651269641934,0.655291938103463,0.06014821290483,0.79658467102429,562.513107828856,569.609882022405,579.88980401169,0,0
"107","MICRO       ",4,"ETS(M,N,M)","Seasonal Difference",1.1046365912838,4073.88134970932,0.0503789135424192,0.74958219135086,660.179839678095,663.913173011428,671.642942796179,0,0
"108","MICRO       ",4,"ETS(A,N,A)","Original",0.426859533798899,0.412243202087038,0.0567401164583855,0.91663366982806,711.677562582168,714.971680229227,723.841249910151,0,0
"109","MICRO       ",4,"Damped Holt-Winters' multiplicative method with exponential trend","Original",0.583792557228022,0.388382159509127,0.173393651001738,0.417476193945978,713.863575039951,720.738575039951,731.475576196887,0,0
"110","MICRO       ",4,"ETS(M,Md,N)","Seasonal Difference",0.516205592473904,0.743760490857349,0.0556841468327306,0.552134296009926,654.32043462489,657.030112044245,664.145951583248,0,0
"111","MICRO       ",4,"ETS(A,Ad,N)","Seasonal Difference",0.584200260229332,1.66208022483545,0.969913913743956,0.473885172608589,749.280961294587,751.826415840042,759.414238019271,0,0
"112","MICRO       ",4,"ETS(A,Ad,N)","1st Difference",0.954173576618578,0.938568190712567,0.0664714807337618,0.573371351664318,702.661464069874,705.132052305168,712.9428964701,0,0
"113","MICRO       ",4,"ETS(M,N,M)","Seasonal Difference",0.692846862139261,2.52136278987431,0.145789831481864,0.064739206811296,753.295880333667,757.029213667,764.758983451752,0,0
"114","MICRO       ",4,"ETS(A,Ad,A)","Seasonal Difference",0.520806375930602,2.57487372624718,0.0621308319921123,0.924703815515543,673.850988076455,682.312526537993,689.960167202897,0,0
"115","MICRO       ",4,"ETS(A,A,N)","Box-Cox",0.67388320497229,0.454695343262642,0.0824443119371502,0.554198521315782,-589.622874711864,-587.908588997579,-581.055014378343,0,0
"116","MICRO       ",4,"ETS(A,Ad,A)","Seasonal Difference",0.631465560811212,2.11980015748289,0.170950080624813,0.572753826088424,663.010299133991,670.867441991133,679.645915595287,0,0
"117","MICRO       ",4,"ETS(M,Md,N)","Seasonal Difference",0.567185101018842,0.185910457855778,0.623130291418394,0.12444771587102,618.112569001718,620.822246421073,627.938085960076,0,0
"118","INDUSTRY    ",4,"ETS(M,Md,M)","Box-Cox",0.557134950424796,0.094988905780904,0.117250283111351,0.366678478409759,-584.69465466781,-579.912045972157,-564.264141989464,0,0
"119","INDUSTRY    ",4,"ETS(M,Md,M)","Box-Cox",0.421958954303287,0.0550067345681953,0.339330057015464,0.787791367010086,-193.317866587994,-188.535257892342,-172.887353909649,0,0
"120","INDUSTRY    ",4,"Holt-Winters' multiplicative method","Box-Cox",0.26519649500701,0.304246754980945,0.231772678978757,0.390885143313902,722.993786667856,726.151681404698,742.836020242374,0,0
"121","INDUSTRY    ",4,"ETS(M,N,M)","Original",0.331421392666972,0.909998794112854,1.64647069962236e-13,0.936752142701216,1149.35387970944,1151.25218479418,1164.78672804517,1,0
"122","INDUSTRY    ",4,"ETS(M,N,A)","Seasonal Difference",0.545915165700526,1.92146327260033,0.148223463250695,0.487421617774219,1022.658220796,1024.69458443236,1037.66016388074,0,0
"123","INDUSTRY    ",4,"ETS(M,Ad,A)","Original",0.302300045463423,1.94012978380197,0.13248011597404,0.592317832896081,1013.56548344781,1017.49405487638,1035.61240964172,0,0
"124","INDUSTRY    ",4,"ETS(M,A,A)","Box-Cox",0.243764196598438,0.719621833254872,0.475066648744903,0.408216115042352,655.623150729197,658.781045466039,675.465384303716,0,0
"125","INDUSTRY    ",4,"ETS(M,Ad,A)","Box-Cox",0.252149569447846,2.3034186632883,8.69248230959554e-05,0.606916338456262,620.626474099722,624.555045528294,642.673400293632,1,0
"126","INDUSTRY    ",4,"ETS(M,Ad,M)","Original",0.552486841374935,0.472689797868048,0.717744958491932,0.335524166575493,518.6321546474,528.6321546474,533.597230262064,0,0
"127","INDUSTRY    ",4,"Damped Holt-Winters' multiplicative method","Original",0.522820671357646,0.651834584692077,0.412094502538536,0.963548603105263,527.406668588765,537.406668588765,542.37174420343,0,0
"128","INDUSTRY    ",4,"Damped Holt-Winters' multiplicative method","Box-Cox",0.408777046780742,18.7101610440827,0.0628670432623095,0.368922670304013,-618.680779070482,-608.680779070482,-603.715703455817,0,0
"129","INDUSTRY    ",4,"ETS(A,Ad,A)","Seasonal Difference",0.493053996616171,41.3468881385786,0.0658206497923062,0.934131853420782,498.895424020364,511.117646242586,512.568382320228,0,0
"130","INDUSTRY    ",4,"ETS(A,Ad,A)","Box-Cox",0.47529542505074,0.489181783042638,0.334986896112977,0.836133935442694,-603.12765650533,-593.12765650533,-588.162580890665,0,0
"131","INDUSTRY    ",4,"ETS(A,Ad,N)","Seasonal Difference",0.350786653362938,5.75932781020896,0.356861950534481,0.0577475461275048,776.192186376509,778.402712692299,787.032161315131,0,0
"132","INDUSTRY    ",4,"ETS(M,Md,M)","Original",0.350579669140237,0.718845512478208,0.238556573480863,0.67177250619922,779.928946868968,785.718420553179,798.847149850075,0,0
"133","INDUSTRY    ",4,"ETS(M,Md,M)","Original",0.332651261758639,0.765445078576169,0.532608749221418,0.61183280897905,770.640770821748,776.430244505959,789.558973802854,0,0
"134","INDUSTRY    ",4,"ETS(M,Md,N)","Box-Cox",0.365807434957067,0.489453832540188,0.0507246406968362,0.978606180571004,-2.0625979747787,-0.0625979747786971,9.28832381388506,0,0
"135","INDUSTRY    ",4,"ETS(A,Ad,A)","Seasonal Difference",0.424039015291762,1.80210980211018,0.509344216893836,0.983671371106321,788.92431446316,794.565340104185,808.044544517441,0,0
"136","INDUSTRY    ",4,"ETS(A,A,A)","Original",0.599049961385093,0.102443172352693,0.066817375413009,0.530079699655051,596.397338956327,602.825910384899,611.135614393865,0,0
"137","INDUSTRY    ",4,"ETS(A,Ad,A)","Seasonal Difference",0.285865913118633,0.0750053309447792,0.227967313930531,0.58684128879122,531.446405962902,541.011623354206,546.710011209063,0,0
"138","INDUSTRY    ",4,"ETS(M,Ad,N)","Seasonal Difference",0.553169691984222,46.415766848157,0.166655905008734,0.0873803488988918,710.509154111287,712.979742346581,720.790586511513,0,0
"139","INDUSTRY    ",4,"ETS(M,Ad,M)","Box-Cox",0.329985493027543,0.637240250313697,0.633943493642196,0.969248127493232,40.1575048838795,47.2542790774278,57.5342010667131,0,0
"140","INDUSTRY    ",4,"ETS(M,N,A)","Original",0.358149056063766,0.868610253051847,0.714444427186864,0.0765881640727533,662.689546907891,665.98366455495,674.853234235875,0,0
"141","INDUSTRY    ",4,"Damped Holt-Winters' multiplicative method with exponential trend","Original",0.460829137433966,0.284700759625476,0.992400464169999,0.730008949692412,627.402883754004,634.499657947552,644.779579936838,0,0
"142","INDUSTRY    ",4,"ETS(M,A,M)","Seasonal Difference",0.648632148660334,1.34734969810996,0.0502602821596489,0.00271599629721631,1104.51551414675,1108.04492591145,1123.51337892431,0,1
"143","MACRO       ",4,"ETS(M,Md,N)","Original",0.27643032295354,0.358030724654627,0.985758057285133,0.572255145058092,694.932839356728,696.886327728821,706.404977389297,0,0
"144","MACRO       ",4,"ETS(M,Md,M)","Original",0.403929199875922,1.10810926082645,0.349242717306806,0.961525261149076,702.642108259523,708.283133900549,721.762338313805,0,0
"145","MACRO       ",4,"ETS(M,Md,N)","Original",0.253930458000745,1.80644032546527,0.71096480223761,0.972019958797304,690.698041432482,692.651529804575,702.170179465051,0,0
"146","MACRO       ",4,"ETS(M,M,M)","Box-Cox",0.459953434509062,1.82429243234948,0.44581772219106,0.654611679258548,678.769329320787,693.769329320787,688.588711401012,0,0
"147","MACRO       ",4,"ETS(A,Ad,A)","Original",0.370884091910058,1.03189072348262,0.429166223800584,0.863003447260864,752.676446015308,758.317471656334,771.79667606959,0,0
"148","MACRO       ",4,"ETS(M,Md,N)","Original",0.245195391791282,0.418112785546619,0.801632345661895,0.77327787467381,625.60030592863,627.553794300723,637.072443961199,0,0
"149","MACRO       ",4,"ETS(M,Md,M)","Original",0.469256858270715,3.35553738162966,0.739474089522991,0.855817529738881,724.173945226168,729.814970867193,743.294175280449,0,0
"150","MACRO       ",4,"ETS(M,N,A)","Box-Cox",0.333056780698191,0.997913479241901,0.736195159450734,0.460110026412449,-988.109374567358,-985.442707900692,-974.725213529361,0,0
"151","MACRO       ",4,"ETS(M,Md,M)","Original",0.176401986365311,2.18256415511883,0.188417130495619,0.960031330558307,636.328961266231,641.969986907256,655.449191320512,0,0
"152","MACRO       ",4,"ETS(M,Ad,M)","Original",0.142310020928486,0.221920567584442,0.562489416425986,0.734655107787428,570.176145268713,575.817170909738,589.296375322994,0,0
"153","MACRO       ",4,"ETS(M,Md,M)","Box-Cox",0.152795303287605,0.0328785258850157,0.0957688389798413,0.908530544302384,133.780372628206,139.421398269232,152.900602682488,0,0
"154","MACRO       ",4,"Damped Holt-Winters' multiplicative method with exponential trend","Box-Cox",0.191617281134782,1.70730049747342,0.104357765553283,0.491803723514002,1287.0982524636,1292.73927810462,1306.21848251788,0,0
"155","MACRO       ",4,"ETS(M,N,M)","Original",0.374533290917808,2.43616829308812,0.141316072742836,0.103811533877096,625.171185037551,627.837851704218,638.555346075548,0,0
"156","MACRO       ",4,"ETS(M,Ad,M)","Box-Cox",0.381714091657216,0.571849876199547,0.242604138780426,0.441085613100441,1505.89917806496,1511.54020370599,1525.01940811924,0,0
"157","MACRO       ",4,"ETS(M,Ad,A)","Original",0.214335584922854,0.712989322887373,0.134041622255821,0.605021950532845,619.542210191378,625.183235832404,638.66244024566,0,0
"158","MACRO       ",4,"ETS(M,Ad,M)","Original",0.12615234628589,0.114575916674687,0.99324358397522,0.297339335541832,571.367122563975,577.008148205,590.487352618256,0,0
"159","MACRO       ",4,"ETS(M,Md,N)","Seasonal Difference",0.518831285306726,0.176191675124379,0.36238895037724,0.231542879077251,687.173987047272,689.327833201118,698.145835426206,0,0
"160","MACRO       ",4,"ETS(M,A,M)","Box-Cox",0.0648921220631461,0.181889623327264,0.300036532487634,0.100250326087457,68.7634171169416,73.2634171169416,85.9716241657949,0,0
"161","MACRO       ",4,"ETS(M,A,M)","Box-Cox",0.288285218575408,0.10920077891395,0.462189856075747,0.810331020383086,88.9478376110326,93.4478376110326,106.156044659886,0,0
"162","MACRO       ",4,"ETS(M,A,M)","Box-Cox",0.135714972649079,3.17922538925014,0.595432298326342,0.596260020906845,-325.268573467098,-320.768573467098,-308.060366418245,0,0
"163","FINANCE     ",4,"ETS(A,Ad,A)","Seasonal Difference",0.426438173616439,1.7049781052126,0.249739707098268,0.923793344193407,646.526268048588,653.859601381922,663.661988715631,0,0
"164","FINANCE     ",4,"ETS(A,N,A)","Original",0.355111952627398,5.18107941222509,0.0985708890076487,0.889378240342066,673.879155252985,677.173272900043,686.042842580968,0,0
"165","FINANCE     ",4,"ETS(M,Ad,M)","Box-Cox",0.524048029842488,1.6450999630249,0.128552444811331,0.846339262779951,-190.918630228339,-182.4570917668,-174.809451101896,0,0
"166","FINANCE     ",4,"ETS(M,Ad,M)","Box-Cox",0.364188153743786,4.96554205613148,0.490131550559782,0.659531561559976,835.037885050502,840.678910691527,854.158115104783,0,0
"167","FINANCE     ",4,"ETS(M,Ad,A)","Original",0.498925110023345,1.13294669713614,0.595736338263074,0.74426211897231,952.158030240294,957.79905588132,971.278260294576,0,0
"168","FINANCE     ",4,"ETS(M,Md,N)","Original",0.519700255022452,0.909308783291432,0.231040091845205,0.91852155254111,816.070713099659,818.119493587464,827.297919165106,0,0
"169","FINANCE     ",4,"ETS(A,A,N)","Box-Cox",0.371692997704301,1.95986675459999,0.0740009224968197,0.966790419941136,1194.51832325158,1195.5528060102,1205.31273866838,0,0
"170","FINANCE     ",4,"ETS(M,Md,M)","Box-Cox",0.238409008278822,4.16399569539179,0.593958504902278,0.939318188791175,738.904492754189,744.545518395215,758.024722808471,0,0
"171","FINANCE     ",4,"ETS(A,N,N)","Seasonal Difference",0.282188137943428,0.435293576313319,0.0712887739040085,0.699128458521155,535.046146508205,535.935035397093,539.34810812166,0,0
"172","FINANCE     ",4,"ETS(M,Ad,M)","Box-Cox",0.397321271400581,0.600147623768674,0.0758673779550238,0.878420077341318,405.347309154488,409.347309154488,427.243856574752,0,0
"173","FINANCE     ",4,"ETS(A,N,N)","Original",0.2567567454482,0.827396986489825,0.40475291465166,0.0572297285596246,846.575443202441,847.036981663979,852.651498274646,0,0
"174","FINANCE     ",4,"ETS(A,Ad,A)","Original",0.325312270781363,0.540809327611878,0.285641426381343,0.979660491605308,873.467708147583,878.967708147583,892.785964474826,0,0
"175","FINANCE     ",4,"Damped Holt-Winters' multiplicative method with exponential trend","Original",0.302127205926707,4.8963397238554,0.0787344988259681,0.64932215805022,976.294382153462,980.222953582033,998.341308347372,0,0
"176","FINANCE     ",4,"ETS(A,Ad,N)","Original",0.313486203656789,2.4983690722942,0.174847024393496,0.890087081378314,818.378905525156,820.33239389725,829.851043557725,0,0
"177","FINANCE     ",4,"ETS(A,Ad,N)","Original",0.414370197152464,2.31910095840875,0.763907488511304,0.977936171507615,788.811322140091,790.860102627896,800.038528205538,0,0
"178","FINANCE     ",4,"ETS(M,Md,M)","Original",0.347795366422605,1.58334434091161,0.227721498615456,0.983655554666999,873.207221182769,878.207221182769,893.280553035093,0,0
"179","DEMOGRAPHIC  ",4,"ETS(M,Ad,A)","Original",0.0339986177109767,0.171682797510896,0.799030318963538,0.655312646444521,399.878027010073,406.163741295787,418.164440974964,0,0
"180","DEMOGRAPHIC  ",4,"ETS(A,Ad,A)","Original",0.0341992885687371,0.228420912107036,0.293395760068051,0.519912398261396,404.507483850857,410.793198136571,422.793897815748,0,0
"181","DEMOGRAPHIC  ",4,"ETS(M,Ad,M)","Original",0.0496232258871585,0.287138597576192,0.694963934168421,0.435702247555193,424.324565151057,430.610279436771,442.610979115948,0,0
"182","DEMOGRAPHIC  ",4,"ETS(M,Ad,M)","Original",0.0537944776413515,0.559076068192657,0.433297905372272,0.863162467840889,441.519402806451,447.805117092165,459.805816771342,0,0
"183","DEMOGRAPHIC  ",4,"ETS(M,A,A)","Box-Cox",0.0607133277932604,0.873713377249429,0.0789058518463282,0.867703184164896,762.381758988763,767.381758988763,778.839531557165,0,0
"184","DEMOGRAPHIC  ",4,"ETS(A,Ad,N)","Original",0.100156505854237,0.358337497734053,0.059979045478862,0.776734426688107,622.605242835072,624.028971648631,635.74317128723,0,0
"185","DEMOGRAPHIC  ",4,"ETS(M,Md,M)","Box-Cox",0.655827541292721,2.79187519779051,0.473572106552663,0.805475744624742,-99.4688490990887,-95.4688490990887,-77.5723016788245,0,0
"186","DEMOGRAPHIC  ",4,"ETS(M,Md,M)","Original",0.244703690511162,0.0822692335934045,0.208558865302736,0.0561437191190853,664.729234410857,668.657805839428,686.776160604766,0,0
"187","DEMOGRAPHIC  ",4,"ETS(A,Ad,A)","Original",0.528174165762331,1.92728060506054,0.148062050278372,0.983446531956069,949.696346981682,953.55599610449,971.891424033444,0,0
"188","DEMOGRAPHIC  ",4,"ETS(M,M,M)","Original",0.239836724989954,1.88180142284072,0.0511845606519152,0.0552414018282487,726.667475899216,729.881761613501,746.374368577454,0,0
"189","DEMOGRAPHIC  ",4,"ETS(M,Ad,A)","Original",0.436049443169699,0.781453345796262,0.6921811667535,0.715660297527691,852.624804182728,856.484453305535,874.819881234489,0,0
"190","DEMOGRAPHIC  ",4,"ETS(A,Ad,A)","Original",0.216525925388405,10.3698204711483,0.694685214696162,0.875340735980284,449.834720336276,456.931494529824,467.21141651911,0,0
"191","DEMOGRAPHIC  ",4,"ETS(M,Ad,A)","Original",0.33619958729202,0.434784825242875,0.327535429455123,0.848544752307831,875.54761156766,879.54761156766,897.444158987924,0,0
"192","DEMOGRAPHIC  ",4,"ETS(M,Md,M)","Original",0.190660934800609,2.50060276817547,0.054954520528295,0.771593558474007,756.954961698952,760.883533127523,779.001887892862,0,0
"193","DEMOGRAPHIC  ",4,"ETS(A,Ad,A)","Seasonal Difference",0.405984974858038,3.59204362996209,0.582665347658039,0.952105409543332,877.105148043831,881.256091440058,898.693978877428,0,0
"194","DEMOGRAPHIC  ",4,"ETS(A,N,N)","Seasonal Difference",0.279885209759711,2.19867292012568,0.152114385960201,0.177322901867239,793.554146028604,793.967939132052,799.93554918374,0,0
"195","DEMOGRAPHIC  ",4,"ETS(A,A,A)","Original",0.119744595735634,0.855676390947871,0.0609237394025429,0.968930239445391,587.503570078681,591.253570078681,606.047557173599,0,0
"196","DEMOGRAPHIC  ",4,"ETS(M,Md,M)","1st Difference",0.521460846556258,1.13110851825666,0.174830592356329,0.29094110541688,399.31958132646,408.884798717765,414.583186572622,0,0
"197","DEMOGRAPHIC  ",4,"ETS(M,Md,M)","Box-Cox",0.348486883405689,1.20070719278795,0.252639756635291,0.957509782765233,-1468.68054706297,-1464.68054706297,-1446.7839996427,0,0
"198","DEMOGRAPHIC  ",4,"ETS(M,N,M)","1st Difference",0.804218601992683,0.903921289968157,0.0520846207689246,0.935338828703899,698.380637554934,700.985288717724,711.903416984004,0,0
"199","DEMOGRAPHIC  ",4,"ETS(A,Ad,A)","Box-Cox",0.339353047804077,0.786287307467403,0.20506062056735,0.97226452505862,999.952434183757,1005.59345982478,1019.07266423804,0,0
"200","DEMOGRAPHIC  ",4,"ETS(M,N,A)","Seasonal Difference",0.559136121529121,57.1863914848866,0.0733426976708733,0.169443275037185,891.927345864906,895.221463511964,904.091033192889,0,0
"201","DEMOGRAPHIC  ",4,"ETS(A,N,N)","Seasonal Difference",0.287330744850662,13.8981432739385,0.08497478936306,0.563069397385256,542.562258805782,543.193837753151,547.775267660632,0,0
"202","DEMOGRAPHIC  ",4,"Damped Holt-Winters' multiplicative method with exponential trend","Original",0.338723185332466,2.04769580944474,0.334042130505017,0.590624994466781,765.863366868676,772.14908115439,784.149780833567,0,0
"203","MICRO       ",1,"ETS(M,Ad,N)","Box-Cox",0.155449762051458,0.625443714431039,0.500925443456502,0.98118787575831,-11.6894243149622,-4.05306067859852,-6.34719376758517,0,0
"204","MICRO       ",1,"ETS(M,Md,N)","1st Difference",0.74825107377428,0.467081122413443,0.170018145802239,0.66919689768065,281.169760307213,289.569760307213,286.169040371551,0,0
"205","MICRO       ",1,"ETS(M,Md,N)","Original",0.527709532184288,0.307467207240072,0.316199621848346,0.486525233201873,251.581729467976,259.218093104339,256.923960015353,0,0
"206","MICRO       ",1,"ETS(M,Md,N)","1st Difference",0.603527914912547,0.754809247859906,0.993507900520228,0.76054277804856,290.163801003685,298.563801003685,295.163081068023,0,0
"207","MICRO       ",1,"ETS(M,Md,N)","1st Difference",0.560022348591917,7.24017168910891,0.350570201306122,0.371322325856846,251.928245676299,260.328245676299,256.927525740637,0,0
"208","MICRO       ",1,"ETS(M,Md,N)","1st Difference",0.512544511071871,0.311694982323241,0.566108663579293,0.929864710961944,238.523370898895,246.923370898895,243.522650963232,0,0
"209","MICRO       ",1,"ETS(M,Md,N)","Original",0.704812920343971,4.54468509732811,0.207198609594918,0.537279794071449,290.337901986868,297.974265623232,295.680132534245,0,0
"210","MICRO       ",1,"ETS(M,Ad,N)","1st Difference",0.509016212638405,1.2852274349533,0.168133515070748,0.180875595991674,236.590039785091,244.990039785091,241.589319849428,0,0
"211","MICRO       ",1,"ETS(M,Ad,N)","Box-Cox",0.622201554035713,2.0605247733268,0.211195883864618,0.42288172724,-59.1419944119392,-51.5056307755756,-53.7997638645623,0,0
"212","MICRO       ",1,"ETS(M,Md,N)","1st Difference",0.743941772103264,2.40071758101162,0.11139436273841,0.961992346865037,303.750000736711,312.150000736711,308.749280801048,0,0
"213","MICRO       ",1,"ETS(M,M,N)","Box-Cox",0.687720635775725,16.2942249030901,0.0708095301409586,0.975925420210948,-83.8728258162941,-78.8728258162941,-79.4209670268133,0,0
"214","MICRO       ",1,"ETS(M,Md,N)","Box-Cox",0.20387062045594,0.847882814285338,0.114924305018692,0.0875108254405077,34.6417036205622,42.2780672569259,39.9839341679392,0,0
"215","MICRO       ",1,"ETS(M,Md,N)","Original",0.390445527375651,4.61248306005773,0.875379153595954,0.332303899861331,242.885168291302,250.521531927665,248.227398838679,0,0
"216","MICRO       ",1,"ETS(M,Md,N)","Box-Cox",0.285143621340928,0.0992774250493593,0.889278559856372,0.521360476497759,52.5401836276797,60.1765472640434,57.8824141750567,0,0
"217","MICRO       ",1,"ETS(M,A,N)","Original",0.846047566428708,1.3134306170071,0.0524726890348984,0.882130770149709,308.542154715299,313.542154715299,312.99401350478,0,0
"218","MICRO       ",1,"ETS(A,Ad,N)","1st Difference",0.676920954001835,5.96096878110181,0.323152362040941,0.552076871988992,277.82247157021,286.22247157021,282.821751634548,0,0
"219","MICRO       ",1,"ETS(M,Md,N)","Original",0.59112435187135,4.09915125491456,0.988844472859463,0.174944301990172,272.666357824873,280.302721461236,278.00858837225,0,0
"220","MICRO       ",1,"ETS(M,Md,N)","Original",0.739133056896134,11.5388015835832,0.0520451113963854,0.80798857913041,271.587131193987,279.223494830351,276.929361741364,0,0
"221","MICRO       ",1,"ETS(M,Md,N)","Original",0.545749707060896,3.00007471295296,0.893091866025802,0.82340284163666,235.676256056598,243.312619692962,241.018486603975,0,0
"222","MICRO       ",1,"ETS(M,A,N)","1st Difference",0.652016078381801,51.9651381565434,0.0617024658585867,0.660461507906062,274.083736295897,279.538281750443,278.249803016178,0,0
"223","INDUSTRY    ",1,"ETS(A,Ad,N)","1st Difference",0.590046826815156,29.1434591590486,0.273558499356506,0.129810500931147,413.684439131007,417.502620949188,421.888214110926,0,0
"224","INDUSTRY    ",1,"ETS(M,Md,N)","1st Difference",0.651241065765166,4463.27978916411,0.638584516799946,0.075889349285082,397.653093366351,401.653093366351,405.646320427402,0,0
"225","INDUSTRY    ",1,"ETS(M,Md,N)","1st Difference",0.643879444341462,6.38775635968733,0.297943772482096,0.972451249834123,444.325583000061,448.143764818243,452.52935797998,0,0
"226","INDUSTRY    ",1,"ETS(M,Md,N)","1st Difference",0.768191658362157,32.0188227569908,0.390839893944702,0.245743970493258,529.063537717868,532.88171953605,537.267312697787,0,0
"227","INDUSTRY    ",1,"ETS(A,N,N)","Box-Cox",0.923916775333538,1.21872576501094,0.809194222181749,0.950644361713871,-343.791081329448,-342.868004406372,-339.587489184462,0,0
"228","INDUSTRY    ",1,"Holt's method with exponential trend","1st Difference",0.747988836706725,2.20017743123047,0.154280210835878,0.480938612087276,714.031210662385,715.74549637667,722.599070995906,0,0
"229","INDUSTRY    ",1,"Holt's method with exponential trend","1st Difference",0.700706914160323,0.568004643350755,0.234400750291846,0.499109543466469,697.451217612823,699.165503327109,706.019077946345,0,0
"230","INDUSTRY    ",1,"ETS(A,Ad,N)","Box-Cox",0.907785295851952,2.59392602646666,0.631615571651289,0.609134143674385,-83.3858486423223,-80.9152604070282,-73.1044162420965,0,0
"231","INDUSTRY    ",1,"ETS(M,Md,N)","1st Difference",0.851013860518429,8.37630611347882,0.646054336278785,0.0900341197155914,719.26962997289,721.815084518345,729.402906697574,0,0
"232","INDUSTRY    ",1,"ETS(M,Md,N)","Box-Cox",0.466054520213706,1.39302101147688,0.747809420672297,0.702066209557705,121.86507151267,124.07559782846,132.705046451292,0,0
"233","INDUSTRY    ",1,"ETS(A,Ad,N)","Box-Cox",0.501048013126821,0.987122940282992,0.815645169813895,0.772877999236441,123.316871438681,125.52739775447,134.156846377302,0,0
"234","INDUSTRY    ",1,"ETS(M,Md,N)","1st Difference",0.682281920441509,22.395999754694,0.220062461548587,0.898733571329651,701.953795992472,704.224066262742,712.658933795981,0,0
"235","INDUSTRY    ",1,"ETS(M,Md,N)","1st Difference",0.800382830322824,0.550404660154742,0.0567282806385201,0.743000978428448,702.032373718653,704.577828264107,712.165650443336,0,0
"236","INDUSTRY    ",1,"ETS(M,A,N)","1st Difference",0.736891030239798,4.2889090043109,0.0600884432014403,0.244159315255416,697.634424418958,699.399130301311,706.078821689527,0,0
"237","INDUSTRY    ",1,"ETS(M,Ad,N)","Box-Cox",0.766884076453639,0.520855136234167,0.0594787033033258,0.386644019737732,-173.202926852619,-170.99240053683,-162.362951913998,0,0
"238","INDUSTRY    ",1,"ETS(A,N,N)","Box-Cox",0.761867133546225,0.96341578577878,0.487931221630298,0.135740921591023,286.67095217517,287.256318028828,292.090939644481,0,0
"239","INDUSTRY    ",1,"ETS(M,M,N)","1st Difference",0.809024460896291,1.36006403973293,0.0895464129227623,0.0681398129854129,690.201881142102,691.780828510523,699.122829311694,0,0
"240","INDUSTRY    ",1,"ETS(A,Ad,N)","1st Difference",0.583493586922066,4.01789962066614,0.88434056558614,0.273606655728705,722.561371962825,724.831642233095,733.266509766335,0,0
"241","INDUSTRY    ",1,"ETS(M,Ad,N)","1st Difference",0.508615457922374,26.5797035299438,0.347612249405898,0.562816126998156,725.732946781523,728.203535016817,736.014379181749,0,0
"242","INDUSTRY    ",1,"ETS(M,N,N)","1st Difference",0.872475521628631,0.305385066558069,0.0896760261746466,0.30861250294238,714.345183738592,714.945183738592,719.697752640346,0,0
"243","INDUSTRY    ",1,"ETS(A,Ad,N)","1st Difference",0.691129023698464,1.18680219285635,0.111439742853573,0.274740426415336,714.701345453697,717.03467878703,725.268546147858,0,0
"244","INDUSTRY    ",1,"ETS(M,Ad,N)","1st Difference",0.55695473216408,0.57099723940292,0.218302357100527,0.0656463162298139,777.227405529738,779.560738863071,787.794606223899,0,0
"245","INDUSTRY    ",1,"ETS(M,Md,N)","1st Difference",0.603891907963016,92.1719669190483,0.184324060864023,0.103240139625451,794.859902199053,797.193235532386,805.427102893214,0,0
"246","INDUSTRY    ",1,"ETS(A,Ad,N)","1st Difference",0.688244906430062,2.24130574268215,0.00863225433653452,0.62635594448146,711.42015878733,713.6904290576,722.12529659084,1,0
"247","INDUSTRY    ",1,"ETS(M,Ad,N)","Original",0.918322041260857,1.08656774180056,0.320953830115187,0.382662333550445,717.85146568154,720.12173595181,728.55660348505,0,0
"248","INDUSTRY    ",1,"ETS(A,Ad,N)","1st Difference",0.708723254214151,1.2592069513657,0.877754012572184,0.321243618705941,527.028777617946,530.846959436128,535.232552597865,0,0
"249","INDUSTRY    ",1,"ETS(M,Md,N)","1st Difference",0.702204465615983,3.11745083731426,0.990376438216056,0.90695985213505,663.657128871548,665.927399141818,674.362266675058,0,0
"250","MACRO       ",1,"ETS(M,A,N)","Box-Cox",0.412847054873601,3.47467210168631,0.867137511772351,0.704613321693973,-183.177013485153,-179.177013485153,-177.954401296536,0,0
"251","MACRO       ",1,"ETS(A,A,N)","Original",0.502539471313972,0.164490589856406,0.299728753865767,0.841669233665198,256.54660451921,260.54660451921,261.769216707827,0,0
"252","MACRO       ",1,"ETS(M,Ad,N)","Box-Cox",0.381357388515797,5.17191641450477,0.0572134113276716,0.767948765720017,210.031319921615,216.031319921615,216.298454547956,0,0
"253","MACRO       ",1,"ETS(M,A,N)","Original",0.337539675184061,1.33001046281806,0.677297999879433,0.947017771642768,243.218765991699,247.218765991699,248.441378180317,0,0
"254","MACRO       ",1,"ETS(M,Md,N)","Box-Cox",0.506295935865689,2.08131042786322,0.931140129483866,0.128114482537387,-7.67171497804483,-1.67171497804483,-1.40458035170429,0,0
"255","MACRO       ",1,"ETS(A,Ad,N)","Box-Cox",0.550019717236608,0.799531384980426,0.392476400009398,0.89319851932457,590.643442758201,597.104981219739,596.617836399525,0,0
"256","MACRO       ",1,"Holt's method with exponential trend","Original",0.44880442669813,2.74427824133591,0.500916116737799,0.758405853890053,263.189158566162,267.189158566162,268.411770754779,0,0
"257","MACRO       ",1,"ETS(M,M,N)","Original",0.262382518604614,1.08768544387062,0.135827993577283,0.651739696964035,253.801200827907,257.801200827907,259.023813016524,0,0
"258","MACRO       ",1,"ETS(A,Ad,N)","Original",0.487527388275294,0.0931646682568288,0.54529264200106,0.790420753608764,258.072745372304,264.072745372304,264.339879998645,0,0
"259","MACRO       ",1,"ETS(M,Md,N)","Original",0.362364705605844,0.141889011767717,0.897163256165984,0.765411635267784,245.749434665302,251.749434665302,252.016569291643,0,0
"260","MACRO       ",1,"ETS(M,A,N)","Original",0.607329770012748,0.341525953320505,0.137672693790105,0.752868156614928,306.713740880696,310.713740880696,311.936353069313,0,0
"261","FINANCE     ",1,"ETS(A,Ad,N)","Box-Cox",0.828017935947416,0.331345773496079,0.924558381953859,0.703795368492046,-9.89648207497591,-7.68595575918644,0.943492863646007,0,0
"262","FINANCE     ",1,"ETS(A,Ad,N)","Box-Cox",0.859979311789957,0.215736147947671,0.988472885596854,0.478377910269835,-59.7781170459581,-57.5675907301686,-48.9381421073361,0,0
"263","FINANCE     ",1,"ETS(A,A,N)","Box-Cox",0.836307278366412,0.190789217090409,0.904355109819202,0.559005999971434,-17.7968157927689,-16.2583542543074,-8.76350334391732,0,0
"264","FINANCE     ",1,"ETS(A,Ad,N)","Box-Cox",0.864277850232095,0.595741929553202,0.499690665506028,0.284329000006433,-59.1063621174654,-56.895835801676,-48.2663871788435,0,0
"265","FINANCE     ",1,"ETS(M,M,N)","1st Difference",0.687603925876172,0.414444808417443,0.826780993834309,0.161469181060038,661.872618293199,663.45156566162,670.79356646279,0,0
"266","FINANCE     ",1,"ETS(M,M,N)","Original",0.267617387168703,0.563615848284573,0.0824742485484271,0.285557590760032,526.001672122844,527.580619491265,534.922620292435,0,0
"267","FINANCE     ",1,"ETS(M,Md,N)","1st Difference",0.694796414886691,0.752493953243628,0.248064716476819,0.615076357171794,289.678419792391,296.13995825393,295.652813433715,0,0
"268","FINANCE     ",1,"ETS(M,Md,N)","1st Difference",0.641318794928836,0.763838445725709,0.553835798122838,0.751118457040391,326.075701265695,331.325701265695,332.88866656127,0,0
"269","FINANCE     ",1,"ETS(M,Md,N)","1st Difference",0.719638162780623,4.7875140009277,0.769090226326031,0.935625049981014,306.764552532867,312.764552532867,313.031687159207,0,0
"270","FINANCE     ",1,"ETS(M,Md,N)","1st Difference",0.756967713014779,14.0163275372475,0.405566275571849,0.634636185505759,336.598820576436,343.060359037974,342.57321421776,0,0
"271","FINANCE     ",1,"ETS(M,Ad,N)","1st Difference",0.63511869534897,0.920813364997359,0.0846659445066034,0.877255674807117,352.291378870273,358.291378870273,358.558513496613,0,0
"272","DEMOGRAPHIC ",1,"ETS(A,Ad,N)","Original",0.119283734884205,0.148520779298213,0.131141246558253,0.984187411591036,282.899177161218,285.169447431489,293.604314964728,0,0
"273","DEMOGRAPHIC ",1,"ETS(A,Ad,N)","Original",0.152941715328027,0.0738405578762335,0.109961537110789,0.801847688086881,306.98650480126,309.25677507153,317.691642604769,0,0
"274","DEMOGRAPHIC ",1,"ETS(A,A,N)","Original",0.567710910201105,0.0870304775257423,0.107538775884082,0.657417714804337,613.850327314227,615.388788852688,622.883639763078,0,0
"275","DEMOGRAPHIC ",1,"ETS(M,Md,N)","1st Difference",0.71530038661599,0.600705622856193,0.0656044019569376,0.808910464968562,798.658911312187,800.929181582458,809.364049115697,0,0
"276","DEMOGRAPHIC ",1,"ETS(M,A,N)","1st Difference",0.775576309560979,0.58914215046801,0.100091686246407,0.801504351979509,784.280283975535,785.901905597156,793.086284554002,0,0
"277","DEMOGRAPHIC ",1,"ETS(M,Md,N)","Original",1.05681536562286,1.96579062888183,0.0877440090382757,0.140898216720997,785.198982513254,787.469252783525,795.904120316764,0,0
"278","DEMOGRAPHIC ",1,"ETS(M,Ad,N)","1st Difference",0.596489265609294,1.67719652424302,0.147411072531996,0.917849024135564,619.998897105222,622.332230438555,630.566097799383,0,0
"279","DEMOGRAPHIC ",1,"ETS(A,N,N)","1st Difference",0.69828142135804,1.10000003230892,0.0620628245469476,0.798278890310577,652.668707920963,653.395980648236,657.501461658896,0,0
"280","DEMOGRAPHIC ",1,"ETS(A,Ad,N)","1st Difference",0.676768369900452,0.903751293349584,0.087047367744949,0.275894517001295,261.424419567831,268.424419567831,267.091053442829,0,0
"281","DEMOGRAPHIC ",1,"ETS(A,N,N)","1st Difference",0.647452816223757,1.44454207498327,0.247888109533388,0.674667212366432,326.097002019315,327.811287733601,328.768117293003,0,0
"282","DEMOGRAPHIC ",1,"ETS(A,N,N)","1st Difference",0.821978768978344,0.837628207752593,0.402765291243977,0.280215233251312,397.231327285133,398.49448517987,400.63780993292,0,0
"283","DEMOGRAPHIC ",1,"ETS(M,Md,N)","1st Difference",0.729826379893142,0.487177379787787,0.101210769210955,0.579669205791516,797.796283030274,800.129616363608,808.363483724436,0,0
"284","DEMOGRAPHIC ",1,"ETS(M,Md,N)","Original",0.596550329258442,0.509932013083829,0.847299598667752,0.240222444658156,409.818062136694,415.068062136694,416.631027432268,0,0
"285","DEMOGRAPHIC ",1,"ETS(M,Ad,N)","Box-Cox",0.700222602293832,1.12504453333715,0.127448645184448,0.0612752913296741,41.813200140061,47.813200140061,48.0803347664016,0,0
"286","DEMOGRAPHIC ",1,"Holt's method","Original",0.727859456850517,0.840734912584071,0.721558814721492,0.908755943554991,302.575526467679,306.104938232385,308.252997547325,0,0
"287","DEMOGRAPHIC ",1,"ETS(M,Md,N)","1st Difference",0.691898536615046,0.970416717005342,0.145421008357097,0.681956618107644,327.849857307096,333.449857307096,334.396112027245,0,0
"288","DEMOGRAPHIC ",1,"ETS(A,Ad,N)","1st Difference",0.630499945745095,2.48948081946512,0.341785951624123,0.893540942066993,321.147053627357,326.747053627357,327.693308347506,0,0
"289","DEMOGRAPHIC ",1,"ETS(A,Ad,N)","Original",0.729967354924458,0.67352381015692,0.548803740503403,0.934467698619007,346.894671064811,352.144671064811,353.707636360385,0,0
"290","DEMOGRAPHIC ",1,"ETS(M,Ad,N)","Box-Cox",0.655220025661088,0.657015401792733,0.56338386115824,0.470643150811541,31.1099781503161,36.3599781503161,37.922943445891,0,0
"291","DEMOGRAPHIC ",1,"ETS(M,Md,N)","1st Difference",0.779899943911811,15.9304849711991,0.0808752864420536,0.870775874687954,363.538782361314,369.138782361314,370.085037081464,0,0
"292","DEMOGRAPHIC ",1,"ETS(M,A,N)","1st Difference",0.529611913030749,2.51498451259225,0.167003363637489,0.290220470455263,389.876645503296,393.626645503296,395.331857770087,0,0
"293","DEMOGRAPHIC ",1,"ETS(A,N,N)","1st Difference",0.72265841669586,0.38448856875984,0.431236924201016,0.644744946031398,386.046039024486,387.379372357819,389.319166384561,0,0
"294","DEMOGRAPHIC ",1,"ETS(A,A,N)","Original",0.369795624345686,9.13173291814153,0.067224734041961,0.727483929672472,303.816191477134,307.345603241839,309.493662556779,0,0
"295","DEMOGRAPHIC ",1,"ETS(M,Ad,N)","Box-Cox",0.657832163754461,7.21035768616004,0.000157970112132825,0.866856899841943,207.046391051565,212.296391051565,213.85935634714,1,0
"296","DEMOGRAPHIC ",1,"ETS(A,Ad,N)","Original",0.919851749757178,2.16347439514706,0.473886834073619,0.281396959691059,331.512210594927,336.762210594927,338.325175890502,0,0
"297","DEMOGRAPHIC ",1,"ETS(M,Md,N)","Box-Cox",0.690154062085815,1.05601637999873,0.100910125782593,0.990145464810759,256.342770587693,261.592770587693,263.155735883267,0,0
"298","DEMOGRAPHIC ",1,"ETS(A,Ad,N)","Box-Cox",0.426673573630604,0.180346074753458,0.591836751231467,0.0966315687226957,-499.95516816774,-494.70516816774,-493.142202872165,0,0
"299","DEMOGRAPHIC ",1,"ETS(A,Ad,N)","1st Difference",0.614512041304758,4.44607287378021,0.120416354997137,0.621615969383237,348.506206115156,354.106206115156,355.052460835306,0,0
"300","DEMOGRAPHIC ",1,"ETS(M,Ad,N)","1st Difference",0.628882326433729,4.12026575682319,0.581726191427822,0.202336956222254,325.545586089109,331.145586089109,332.091840809259,0,0
"301","DEMOGRAPHIC ",1,"ETS(M,N,N)","Original",1.0245159203204,0.860580320945373,0.0734294589885113,0.0221197576857511,347.454474617747,348.717632512484,350.860957265534,0,1
"302","DEMOGRAPHIC ",1,"ETS(M,Md,N)","Original",0.642294872350905,0.265799106086917,9.70599227104988e-06,0.796310856834639,340.453751486512,345.703751486512,347.266716782087,1,0
"303","DEMOGRAPHIC ",1,"Holt's method","1st Difference",0.651615127000646,1.15307791377441,0.0985196037140962,0.703265281424393,340.142566525841,343.892566525841,345.597778792633,0,0
