Series,N,NF,Category,Starting Year,Starting Month,1,2,3,4,5,6,7,8,9,10,11,12,13,14,15,16,17,18,19,20,21,22,23,24,25,26,27,28,29,30,31,32,33,34,35,36,37,38,39,40,41,42,43,44,45,46,47,48,49,50,51,52,53,54,55,56,57,58,59,60,61,62,63,64,65,66,67,68,69,70,71,72,73,74,75,76,77,78,79,80,81,82,83,84,85,86,87,88,89,90,91,92,93,94,95,96,97,98,99,100,101,102,103,104,105,106,107,108,109,110,111,112,113,114,115,116,117,118,119,120,121,122,123,124,125,126,127,128,129,130,131,132,133,134,135,136,137,138,139,140,141,142,143,144
203,68,18,MICRO       ,1990,1,2640,2640,2160,4200,3360,2400,3600,1920,4200,4560,480,3720,5640,2880,1800,3120,2400,2520,9000,2640,3120,2880,8760,5160,2160,8280,4920,3120,6600,4080,5880,1680,6720,2040,6480,1920,3600,2040,2760,3840,960,2280,1320,2160,4800,3000,3120,5880,2640,2400,2280,480,5040,1920,840,2520,1560,1440,240,1800,4680,1800,1680,3720,2160,480,2040,1440,,,,,,,,,,,,,,,,,,,,,,,,,,,,,,,,,,,,,,,,,,,,,,,,,,,,,,,,,,,,,,,,,,,,,,,,,,,,
204,68,18,MICRO       ,1990,1,1680,1920,120,1080,840,1440,480,720,4080,1560,480,720,6120,2040,3960,2160,120,1200,1080,1080,1080,2160,240,1440,1200,1560,2520,600,1560,3240,7440,480,2640,960,3120,1200,960,480,600,120,2640,720,600,840,1320,2160,1200,1800,1320,600,1440,840,1440,1560,1080,360,960,1320,1080,1680,1080,840,840,600,1320,1320,2280,1440,,,,,,,,,,,,,,,,,,,,,,,,,,,,,,,,,,,,,,,,,,,,,,,,,,,,,,,,,,,,,,,,,,,,,,,,,,,,
205,68,18,MICRO       ,1990,1,1140,720,4860,1200,3150,2130,1800,2010,2880,1650,1740,4440,7410,3000,4410,4980,2040,3000,5430,4650,2520,2250,2100,5730,2550,6450,1050,3240,3960,3030,2850,4380,4080,4140,5160,5100,3480,4350,5550,4200,5640,4980,3810,3540,8760,5610,6090,4980,7680,5550,6540,4920,1710,3420,5910,6720,4650,2550,8640,7680,6720,5190,5190,5910,4800,5640,5790,4230,,,,,,,,,,,,,,,,,,,,,,,,,,,,,,,,,,,,,,,,,,,,,,,,,,,,,,,,,,,,,,,,,,,,,,,,,,,,
206,68,18,MICRO       ,1990,1,180,940,2040,800,1000,520,500,400,1760,1520,1400,1840,3360,220,6000,3160,1060,820,2860,440,1880,220,1460,4620,1360,3220,1500,1940,3100,2340,2540,1720,1560,4580,1340,3860,2440,2180,2020,4160,2760,3480,2240,5900,6720,7500,4880,7780,4360,4640,7420,4260,2740,3200,7140,6960,5760,2280,12300,8800,9660,5860,6600,8100,7760,6940,8020,6400,,,,,,,,,,,,,,,,,,,,,,,,,,,,,,,,,,,,,,,,,,,,,,,,,,,,,,,,,,,,,,,,,,,,,,,,,,,,
207,68,18,MICRO       ,1990,1,2000,1550,4450,3050,3050,2250,2200,2450,4900,5300,600,12050,4050,1900,3200,7400,10650,9850,4000,11500,2750,5700,3900,9200,3000,5550,3300,4700,6250,4550,8550,4400,5200,3800,3750,11100,6800,6600,5100,5400,11400,9400,4150,7500,11150,7250,5650,12000,11550,7450,7350,6500,2700,8700,9250,10250,9550,6450,9800,12450,10050,8400,10000,10950,10700,8800,7550,8800,,,,,,,,,,,,,,,,,,,,,,,,,,,,,,,,,,,,,,,,,,,,,,,,,,,,,,,,,,,,,,,,,,,,,,,,,,,,
208,68,18,MICRO       ,1990,1,1200,2850,1350,1500,1950,1950,600,1650,2250,3000,1500,2400,300,2250,1500,2100,3600,3300,4500,150,5700,600,750,1650,150,1950,1800,1350,1200,2550,1200,2550,2550,1350,3150,1500,3150,3150,1500,3150,2550,2250,3750,450,1350,2100,1800,6750,2400,4200,450,2400,3000,1650,1950,750,3150,2700,6150,1500,1650,1650,4050,1650,3150,150,3900,2100,,,,,,,,,,,,,,,,,,,,,,,,,,,,,,,,,,,,,,,,,,,,,,,,,,,,,,,,,,,,,,,,,,,,,,,,,,,,
209,69,18,MICRO       ,1990,1,3050,2550,3950,2350,4600,2600,2950,3700,1550,4650,2200,1450,2400,3600,2850,3000,3600,3250,1850,4500,2350,2300,2700,6900,3550,1750,1600,2750,2500,2200,4400,3050,2550,4900,2450,3050,1800,2650,2250,3050,1400,3550,2550,1600,3400,3300,1550,2400,1200,1000,2700,1500,3650,1200,1300,1400,2900,1500,2350,1700,2550,2250,2100,1200,2050,5200,2350,2150,1700,,,,,,,,,,,,,,,,,,,,,,,,,,,,,,,,,,,,,,,,,,,,,,,,,,,,,,,,,,,,,,,,,,,,,,,,,,,
210,69,18,MICRO       ,1990,1,7740,4940,4140,6400,5880,5280,5060,3620,3920,6480,4340,5400,6400,5320,3340,7120,6380,4420,4820,8160,5520,6640,5600,4220,8120,4480,4860,4740,6880,4520,6620,6300,6040,5460,2860,6120,4720,3180,5160,6020,3340,6580,7220,5700,4180,5020,5360,5640,4140,4560,5700,3900,5720,4320,3780,4520,7360,4940,4300,7000,5420,5280,5260,4280,4960,5420,5600,6000,4060,,,,,,,,,,,,,,,,,,,,,,,,,,,,,,,,,,,,,,,,,,,,,,,,,,,,,,,,,,,,,,,,,,,,,,,,,,,
211,69,18,MICRO       ,1990,1,100,1850,2400,2100,6050,2100,4450,3900,1800,4800,4250,4600,1450,3950,5100,4300,6300,5400,6450,13300,10100,9050,8650,6700,8350,2700,6150,3800,4700,5400,10700,11650,7650,6550,6950,6100,3850,6050,4600,6850,3950,6000,7500,5350,2900,6100,6300,5700,6500,4800,6600,5000,6550,4000,4350,5100,4200,2900,4600,6850,4150,5500,7100,3750,3300,5600,2600,3300,3250,,,,,,,,,,,,,,,,,,,,,,,,,,,,,,,,,,,,,,,,,,,,,,,,,,,,,,,,,,,,,,,,,,,,,,,,,,,
212,69,18,MICRO       ,1990,1,7140,5040,3920,7600,8220,5100,5080,4140,3760,5860,3500,5340,5300,5140,3740,6620,5160,5340,5820,7380,6600,6880,6100,4400,6880,3120,6280,4300,7820,6600,6040,9540,9820,8340,6920,6840,5500,3940,6080,5720,4520,5040,5780,4300,5780,5480,7100,7880,5060,3820,6260,5340,5940,5040,2220,6180,4280,4140,7180,6680,5720,4180,6540,4820,5800,6420,4520,4120,4240,,,,,,,,,,,,,,,,,,,,,,,,,,,,,,,,,,,,,,,,,,,,,,,,,,,,,,,,,,,,,,,,,,,,,,,,,,,
213,69,18,MICRO       ,1990,1,1000,1850,3900,1900,5150,3350,6300,3150,2250,2800,2200,3200,3050,3700,3400,4100,4800,5650,5350,12550,9300,6850,8650,5900,7550,3800,5500,4500,5400,5300,11200,9450,6050,9450,3850,3650,2350,6100,5350,5100,3450,6400,6450,3300,4050,5150,5350,6550,3450,3450,5950,3400,3500,3250,1100,3600,4650,3900,3450,6100,3100,2100,3300,2050,5500,4650,3550,3600,3050,,,,,,,,,,,,,,,,,,,,,,,,,,,,,,,,,,,,,,,,,,,,,,,,,,,,,,,,,,,,,,,,,,,,,,,,,,,
214,69,18,MICRO       ,1990,1,8200,6700,7600,5300,11000,9200,10200,11600,7300,10900,10400,4000,4800,8900,10000,10700,8000,9100,7900,9500,8200,10400,12100,6900,7600,8000,4500,8300,8400,7900,10800,8300,5600,12400,9600,9800,4900,4900,8600,4900,3600,7800,5700,2900,8400,8800,5700,4000,2600,4900,8600,1800,4900,5200,2300,6700,5700,3400,5900,2900,6700,3500,8200,3700,7700,8000,9800,6900,7000,,,,,,,,,,,,,,,,,,,,,,,,,,,,,,,,,,,,,,,,,,,,,,,,,,,,,,,,,,,,,,,,,,,,,,,,,,,
215,69,18,MICRO       ,1990,1,4650,4800,3500,3850,9100,4400,8500,6000,2850,7450,6000,4950,6400,5550,6900,9900,6400,8000,5450,6800,6150,8600,8700,4000,8300,4950,4100,4200,6600,8050,8950,10850,3750,6800,3650,3600,3400,3400,3750,5100,3700,4850,7700,2800,5750,6200,5150,4300,4500,3450,5600,3850,6150,4700,6300,3800,2750,3550,5150,3650,3650,3550,5550,1750,5250,8650,4400,5950,3200,,,,,,,,,,,,,,,,,,,,,,,,,,,,,,,,,,,,,,,,,,,,,,,,,,,,,,,,,,,,,,,,,,,,,,,,,,,
216,69,18,MICRO       ,1990,1,5980,5060,4330,4760,3120,4640,8880,5580,1990,5090,4120,5340,2050,3870,3580,4710,3530,5070,3570,3880,3710,3800,3070,3300,3890,2250,3010,3270,1520,4380,3070,5100,3070,3690,2240,2580,2180,1670,2320,2300,1510,2650,4890,1010,3360,2170,1710,1760,2200,2020,2300,2210,3070,3250,1820,2790,2470,2890,3510,2570,4570,980,3170,920,4130,2880,630,1900,2410,,,,,,,,,,,,,,,,,,,,,,,,,,,,,,,,,,,,,,,,,,,,,,,,,,,,,,,,,,,,,,,,,,,,,,,,,,,
217,69,18,MICRO       ,1990,1,5430,4365,3165,5255,4650,4345,4965,3780,3090,4955,3815,4840,4650,5000,2810,5260,4180,4860,5370,5275,4220,6365,3520,6180,6025,4070,6280,4600,5660,4625,4665,5040,4340,4825,3955,4515,5415,3135,5695,4930,3545,3830,6220,3855,4170,5140,3390,5185,4190,3415,5310,3810,5660,4315,3680,4075,4120,4160,3280,3805,4860,4275,5445,4620,4225,5320,3695,4630,5775,,,,,,,,,,,,,,,,,,,,,,,,,,,,,,,,,,,,,,,,,,,,,,,,,,,,,,,,,,,,,,,,,,,,,,,,,,,
218,69,18,MICRO       ,1990,1,3540,2680,3580,2560,3680,4920,3380,4180,2820,3440,3300,2360,4300,3380,4020,3560,4300,4760,4340,3280,4820,6400,3620,4080,6180,3260,3700,3860,4700,4180,4000,5580,4160,5240,3840,4960,4640,4060,3900,4960,3780,6000,4280,4760,4480,4940,3640,3380,4960,4380,5000,3220,4360,3620,3620,4120,4520,4680,4540,4240,3360,3320,3200,2700,3160,3200,3660,3720,3520,,,,,,,,,,,,,,,,,,,,,,,,,,,,,,,,,,,,,,,,,,,,,,,,,,,,,,,,,,,,,,,,,,,,,,,,,,,
219,69,18,MICRO       ,1990,1,4360,3120,4120,4000,5360,5240,4240,5460,4660,5160,5500,3820,5380,4920,4420,5700,6000,7160,6700,4520,5980,6240,4780,4800,5900,4200,5100,5440,5820,6160,7060,6760,5980,7020,6420,6620,7500,6180,8060,6500,6360,7760,7080,7940,7340,7860,6720,7680,8920,7200,7800,5740,6600,8280,6700,7140,7280,9380,8560,8480,7740,7200,7320,6400,6740,7560,7820,6200,7580,,,,,,,,,,,,,,,,,,,,,,,,,,,,,,,,,,,,,,,,,,,,,,,,,,,,,,,,,,,,,,,,,,,,,,,,,,,
220,134,18,INDUSTRY    ,1983,1,1211,1335,1688,2262,3835,6423,9784,9064,6082,4456,2105,1115,1225,1440,1777,2636,3788,6649,9383,9051,5876,3940,1936,1348,1180,1237,1917,2801,4019,6838,9351,9149,5508,4148,1897,1329,1419,1308,2220,2875,4532,6972,9719,10031,5663,4418,2169,1468,1545,1495,2039,3044,4987,7399,10016,10063,6339,5120,2384,1425,1407,1564,2274,2930,4684,7802,10375,9885,6286,4742,2242,1394,1517,1441,2326,3085,5052,7734,10268,10032,6533,4869,2379,1370,1505,1512,2271,3198,4580,7589,9926,9540,6298,3993,2149,1357,1442,1703,2098,2945,4759,7339,10624,10606,6686,4913,2070,1565,1599,1725,2337,3355,5165,7779,10432,10296,6708,4936,2062,1564,1561,1660,2223,3249,4967,7727,10784,10912,7024,5096,2153,1599,1447,1505,,,,,,,,,,
221,144,18,INDUSTRY    ,1982,1,1514.9,1775.5,2572.9,2821.3,3098.4,3538.8,3452.7,3595.7,3535.1,3410.6,2743.1,2271.8,1893.1,1766,2536.7,2838.3,3356.9,3941.5,3726.6,4193.1,3953.7,3905.3,3277.1,2220.2,2035.6,2563.8,2920.2,3434.6,4152.7,4305.9,4211.7,4685.1,3992.6,4325.5,3645.2,2568.1,2177.7,2172.3,3168.1,3941.5,4415.4,4261.7,4594.1,4688.3,4333.5,4596.8,3318.6,2671.8,2890.4,2366,3234,4146.3,4319.7,4480.9,4687.2,4658.5,4592.6,4905.3,3508.5,3072.3,2553.2,2488.8,3409.6,4149.5,4319.7,4783.5,4928.2,4563.8,4763.8,5001.1,3829.8,3084,2097.9,2629.3,3640.4,3992.6,4535.6,5011.7,4380.3,4956.4,4758,4725,3975,3250.5,2717.6,2313.3,3378.2,3926.1,4458.5,4708.5,4378.2,5178.2,4528.2,4929.8,4023.4,2630.3,2961.5,2703,3520.5,3874.4,4482.8,4651.3,4468.7,4815.9,4256.7,4627.2,3788.8,2542.5,2127.3,2394.9,2723.9,3537.9,3987.6,4003.7,4257.7,4336.3,4029.4,4416.3,3166.7,2604.1,2448.2,2454.1,3047.4,3765.4,4048.2,4462.5,4391.3,4370,4423.9,4700.1,3225.9,2782.8,2102.2,2293.3,3066.1,3666.5,4203.4,4662.1,4584.7,4829.5,4652.8,4744.8,3970.9,3175
222,144,18,INDUSTRY    ,1979,1,4861,3665,6683,6824,7811,7242,7458,7856,6477,7577,5999,4628,4144,3778,4320,4948,5132,5460,5598,5583,5917,6458,5079,4486,3763,3531,5014,5162,4880,4720,4631,4315,4268,4172,3432,2705,2359,2729,4043,4301,4576,4984,4854,4847,5038,4950,4566,3943,3328,3106,4821,4876,5691,6576,5850,6499,6244,5855,5304,4035,4167,4791,5215,5949,6459,6680,6413,6626,6642,6529,5691,4743,3535,3314,5564,6287,6738,6355,6745,7005,6575,6719,5196,4304,4967,4175,5579,7009,6997,7062,7214,6918,6874,7175,5375,4675,4422,4567,5971,6560,6415,6727,7077,6589,6800,6982,6118,4500,3195,4482,6619,6237,6520,7043,6188,6774,6118,6308,5230,4587,4976,4561,5456,5691,6163,6133,5820,6458,5854,6216,5487,4166,4697,4660,5788,5911,6310,6308,6315,6581,5563,6099,5383,4160
223,144,18,INDUSTRY    ,1981,1,5248.8,5149.6,5712.8,5649.4,5718.4,5989.8,5635.2,5954,5253.6,5923.6,4830.6,4042.4,4941.6,5258.2,5853.6,5356.6,5486.8,5603.4,5203.4,5584,4965.4,5566,4199.4,3677.6,4757.2,4889.8,5500.6,5227,5198.2,5055.2,4938.2,5530,4854,5204.8,4315.4,3347.6,4687,5095.2,5104.6,5003.6,5048.6,5213,5190.2,5527.4,4656.4,5222.6,4291.4,3296.4,4461.8,3933,4059.4,4785.4,4844,4801.8,4929,5047.2,4651.8,5083.2,4525.4,3617,4596.6,4729.8,5060.8,5039,5165,5223.6,5099.6,5156,4690.6,5088.4,4461.8,3539.4,4609.8,4560.4,5115.8,4966.6,5080.2,5174,5070.2,5114,4518,5053.8,4004.6,3738.6,4355.4,4493.4,4961.2,5048.2,5070,5016.4,5156.4,5139,4620.6,5241,4301.4,3491.6,4520.8,4571,5121,5002.6,5288.4,5176.4,4960,5304.4,4489.8,5164.6,4306.4,3596.8,4450.2,4494.2,5150,4947.6,5231.8,5037.4,5094.4,5228.2,5092.4,5187.4,4376.4,3650.8,4472.6,4452.6,4823.2,4858.6,5045.6,4869.8,5019.4,5099.6,4444,5066.2,4579.6,3491,4500.4,4838.6,5196.4,4940.6,4797.2,4946,5027.6,5049.4,4662.6,5008.2,4511.8,4068.6
224,144,18,INDUSTRY    ,1981,1,4738.4,4687.2,5930.8,5532,5429.8,6107.4,5960.8,5541.8,5362.2,5237,4827,4781.6,4983.2,4718.4,5523.8,5286.6,5389,5810.4,5057.4,5604.4,5285,5215.2,4625.4,4270.4,4685.4,4233.8,5278.4,4978.8,5333.4,5451,5224,5790.2,5079.4,4705.8,4139.6,3720.8,4594,4638.8,4969.4,4764.4,5010.8,5267.8,5312.2,5723.2,4579.6,5015.2,4282.4,3834.2,4523.4,3884.2,3897.8,4845.6,4929,4955.4,5198.4,5122.2,4643.2,4789.8,3950.8,3824.4,4511.8,4262.4,4616.6,5139.6,4972.8,5222,5242,4979.8,4691.8,4821.6,4123.6,4027.4,4365.2,4333.6,4930,5053,5031.4,5342,5191.4,4852.2,4675.6,4689.2,3809.4,4054.2,4409.6,4210.2,4566.4,4907,5021.8,5215.2,4933.6,5197.8,4734.6,4681.8,4172,4037.8,4462.6,4282.6,4962.4,4969.2,5214.6,5416.8,4764.2,5326.2,4545.4,4797.2,4259,4117,4469.2,4203.2,5033.8,4883,5361.6,5044.6,5005.6,5382,4565.4,4825,4290.2,3933.6,4177.6,3949.4,4492.6,4894.2,5224.4,5071,5093.6,5248.4,4630.4,4899.6,4208.8,3641.4,4210.8,4109,5111.6,4853.8,5037.6,5253.8,5236.2,5011.2,4841.2,4829.2,4164.6,4195.8
225,144,18,INDUSTRY    ,1981,1,4236,4476,5332,4422,4820,5340,5366,5454,5624,4594,3856,3936,4518,4090,4662,4506,4572,5024,4630,5862,5700,4354,3778,3620,4870,5080,5434,4526,5042,4984,4056,6494,6050,3870,3350,2784,4268,4526,5158,3992,4756,4648,4690,6262,4442,3832,3246,2520,4036,3770,4020,3980,4552,4184,4248,4346,4458,4024,3056,2866,3744,3822,4792,4424,4588,4386,4376,5184,4664,3796,3500,3256,4172,4046,5244,4958,5094,5470,5214,4818,4988,3962,3158,3380,3272,3346,3906,4274,4444,4076,3736,5060,4206,3058,2558,2266,2744,2946,3244,3714,4670,4686,4056,4792,4134,3536,2672,2826,3418,3630,4580,3970,5164,4150,4310,4968,3702,3832,2864,2504,3076,3448,4174,4328,4712,4490,4536,4938,4348,3740,2760,2404,3384,3796,4814,4608,4584,5336,5012,5848,5298,4840,3150,3208
226,144,18,INDUSTRY    ,1981,1,3959,3704,5149,5419,5151,6368,6427,5724,4809,4596,4454,4488,3696,4103,5299,5156,5699,6326,5732,6029,5193,4888,4482,4417,4539,3470,5358,5099,5979,6631,6163,6653,5648,4732,4429,3916,4117,4636,4639,5033,5431,6100,6499,6716,4880,5206,4421,3897,4479,4102,4301,5606,5762,5998,6279,5893,4825,4870,4088,3882,4303,4065,4861,6173,5884,5856,5899,5293,4687,4796,3988,4080,4048,4174,5353,5913,6196,6471,5950,5962,5203,4896,4085,4183,3978,4371,5325,5928,5800,6568,6115,6202,5340,4983,4410,4531,4630,4416,5290,5998,6153,6359,5826,6184,4989,5126,4668,4174,4215,4284,5342,5109,6026,5835,5835,5876,4757,4920,4176,3886,3987,3750,4591,5303,5822,5663,5623,5439,4722,4686,3845,3710,3871,3843,4939,4810,5259,5592,5231,4757,4617,4245,3652,3598
227,144,18,INDUSTRY    ,1981,1,8058,8339,10264,11101,11027,11754,11895,10024,9066,8807,8487,8516,8871,8783,9774,9772,9950,10475,8926,9355,8539,8411,7911,7094,7332,7415,8955,9076,9612,9370,9402,9164,7575,7165,6256,5778,7279,6801,7714,7849,8559,8815,8869,8197,6780,7357,6608,5968,7138,5716,5703,8094,8152,7810,7970,7413,6636,6970,5859,6316,7209,6542,7222,7878,7742,8080,8333,7235,6965,7169,6207,6340,6903,6477,7353,7372,7507,7740,8161,7003,6694,7513,6117,6517,7914,6645,6032,7503,8142,7546,7741,7482,6943,7332,6602,6403,7390,6767,7819,7969,7918,8279,7775,7971,7971,7029,6451,6286,7160,6554,7819,7891,7990,7599,7962,8024,7197,7234,6962,6159,6855,6223,6936,6855,7638,7702,8138,7736,6816,7133,6511,5661,6402,6341,7823,7695,7936,7851,8426,7506,7279,7523,6719,7304
228,133,18,INDUSTRY    ,1983,1,3010,2790,3520,3220,3170,3560,3660,4140,3810,4020,3850,4080,4070,3980,4560,4260,4200,4190,4190,4330,3940,4650,4070,4030,4280,3770,4450,4700,4670,4460,4860,4880,4550,5300,4600,4510,4870,3970,4720,5300,4960,4810,4940,4990,5000,5380,4410,4450,4580,4480,4890,5070,4350,4750,4920,4820,4800,5190,4510,4250,4200,4510,5280,4730,4620,4740,4790,5490,4990,5410,4680,4530,4840,4600,5420,5000,5070,5200,5010,5690,4990,5600,4880,4380,5210,4890,5400,4840,5050,4930,5060,5540,4660,5090,4530,4300,4200,3950,4050,4340,4260,4180,4680,4460,4160,4600,3680,3610,4030,3770,4600,4120,3700,4350,4800,4150,4370,4450,3880,4000,3900,4360,4200,4090,4130,4730,5000,4690,4750,4700,4620,4680,4530,,,,,,,,,,,
229,144,18,INDUSTRY    ,1982,1,2300,3100,3900,4100,3800,4000,3800,4200,4200,4700,3500,3100,5200,5900,6600,7600,6900,7700,8000,8300,8000,9000,6500,6200,6600,7500,8300,9900,9300,7400,7000,8400,7700,7900,6100,4600,5700,5700,7600,9100,8200,6800,6900,8100,7200,8200,6600,5300,5900,5600,6300,7600,7000,6000,6400,6800,6400,7600,5200,4400,5700,4700,5900,7900,6400,6600,7200,7300,7400,8100,6200,4200,4900,5100,7200,8000,7700,7400,6900,7900,7900,8000,6500,5300,6100,5100,6200,6700,6200,5900,5900,7300,6000,7300,5200,3900,5200,5100,5900,6600,6800,6000,6000,7400,6000,6700,3900,4500,4600,5500,6400,6600,5700,6100,6500,6000,6200,4800,4000,5400,5300,6800,6900,6600,7000,7200,8000,7800,8500,7200,6100,7100,7100,8600,8400,8100,8500,8100,10200,10100,9800,9500,9100,9100
230,144,18,INDUSTRY    ,1982,1,3620,3782,4296,4562,4502,4676,4752,5120,4890,4666,4494,4008,4968,4962,5364,5246,5290,5436,5170,5428,5496,5574,5008,4690,5480,5356,6208,5966,5656,5936,5370,5866,5552,6308,5628,4590,5454,5436,6170,6592,6512,6202,6068,6598,6392,6774,5702,5298,6184,6092,6694,6724,6810,6710,5922,6882,6794,7640,6992,7246,6586,6614,7484,7232,7036,7810,7324,7474,7234,7884,6916,7658,7628,8084,8778,8494,8490,8274,7342,8112,8360,8080,7430,7282,7698,6622,7516,7546,8050,8546,7366,8046,7574,8344,7622,7230,8320,7724,8600,8242,8168,7888,7952,8120,7204,8030,6824,5828,7068,6820,7322,7916,7674,7524,7328,7616,7364,7866,6946,6508,7672,7256,8242,7724,7264,7822,7764,7492,7472,8096,7234,6850,6972,7216,7808,7582,7060,7440,7378,7860,7626,8154,7694,7030
231,144,18,INDUSTRY    ,1982,1,1780,2010,2055,2080,2095,2215,1940,1910,1965,2000,1955,1685,1985,2060,1970,1870,1980,2220,2290,2520,2485,2510,2465,2080,2270,2420,2435,2305,2455,2690,2485,2815,2720,2645,2190,1940,2220,2400,2810,2780,2705,2635,2400,2580,2585,2675,2355,2080,2585,2795,2610,2690,2620,2625,2170,2430,2690,3300,3990,4440,1980,1920,1965,2245,2150,2305,2350,3065,2930,3100,1395,4990,4775,4755,5465,5065,5150,5495,4790,5790,5015,3890,3735,3450,3840,3565,3435,4145,4320,3995,3355,4160,3500,3910,4525,3875,4605,4340,4695,4330,4680,4195,4350,5125,4430,4805,4285,3680,4255,4050,4190,4400,4580,4015,4230,4315,4125,4685,4140,4080,4310,4155,4760,4810,4655,4800,4980,4795,4735,4990,4535,4525,4100,4345,5285,4840,4780,4970,4410,5265,5355,5525,5530,4450
232,144,18,INDUSTRY    ,1982,1,2908,2978,3474,3730,3644,3790,3976,4356,4104,3866,3712,3334,4174,4138,4576,4498,4498,4548,4254,4420,4502,4570,4022,3858,4572,4388,5234,5044,4674,4860,4376,4740,4464,5250,4752,3814,4566,4476,5046,5480,5430,5148,5108,5566,5358,5704,4760,4466,5150,4974,5650,5648,5762,5660,5054,5910,5718,6320,5396,5470,5794,5846,6698,6334,6176,6888,6384,6248,6062,6244,5740,5662,5718,6182,6592,6468,6430,6076,5426,5796,6354,6524,5936,5902,6162,5196,6142,5888,6322,6948,6024,6382,6174,6780,5812,5680,6478,5988,6722,6510,6296,6210,6212,6070,5432,6108,5110,4356,5366,5200,5646,6156,5842,5918,5636,5890,5714,5992,5290,4876,5948,5594,6338,5800,5402,5902,5772,5574,5578,6100,5420,5040,5332,5478,5694,5646,5148,5452,5614,5754,5484,5944,5482,5250
233,144,18,INDUSTRY    ,1982,1,3274,3674,4296,4672,4616,5026,4726,4900,4520,5012,4706,4324,4870,4580,5264,5366,5550,5528,5074,5338,5474,5590,4808,4890,5178,5206,6044,5750,5704,5986,5512,5900,5376,6308,5844,4794,5332,5204,6026,6992,6698,6062,5888,6588,6324,6442,5656,5618,5910,5798,6956,6642,7076,6996,5958,6688,6582,7378,6960,7582,6700,6604,7470,7372,7312,8078,7342,7624,7080,8068,6940,7730,7580,8184,8640,8514,8522,8618,7376,7858,8076,7742,7312,7298,7828,6834,7754,7692,8326,8840,7520,7954,7646,8162,7708,7252,8070,7740,8634,8346,7904,8352,7824,7974,6906,7780,6714,5746,6480,6602,7234,8074,8056,7528,6824,7852,7352,8024,6954,6740,7824,7386,8156,7364,7130,7872,7768,7756,7384,8294,7490,6982,7022,7204,7570,7040,6680,7286,7396,7930,7360,8286,7458,7052
234,144,18,INDUSTRY    ,1982,1,1965,2150,2230,2135,2325,2190,1905,1885,1980,2035,1990,1800,2095,2185,2175,2260,2155,2260,2325,2490,2415,2445,2400,2020,2260,2395,2450,2340,2455,2530,2350,2645,2600,2485,2100,1815,2200,2340,2930,2685,2660,2495,2185,2520,2510,2595,2345,2125,2515,2645,2705,2680,2575,2560,2135,2510,2750,3425,4225,5280,2245,2265,2400,2495,2355,2460,2400,3045,3045,3230,1505,5115,5125,5420,5340,4835,5005,5185,4490,5585,4605,3685,3580,3325,3905,3715,4130,4370,4685,4455,3760,4180,3490,4195,4855,3750,4610,4370,4770,4290,4435,4355,3770,4640,3970,4230,3945,3120,3775,3555,3955,4275,4380,3805,3875,4450,4065,4830,4040,4215,4470,4300,4755,4520,4345,4495,4605,4550,4540,5195,4665,4585,4235,4205,4965,4695,4500,4585,4090,4900,4835,5075,5020,4070
235,144,18,INDUSTRY    ,1982,1,2488,2814,3404,3818,3686,4150,3964,4146,3728,4198,3910,3604,4032,3706,4394,4462,4688,4624,4144,4342,4508,4612,3848,4082,4274,4248,5064,4814,4722,4974,4572,4842,4336,5314,5004,4068,4452,4268,4854,5918,5634,5064,5014,5580,5320,5404,4718,4768,4904,4740,5874,5570,6046,5972,5104,5684,5482,6008,5270,5470,5802,5698,6510,6374,6370,7094,6382,6326,5862,6776,5672,5684,5530,6016,6504,6580,6520,6544,5580,5624,6234,6268,5880,5968,6266,5348,6102,5944,6452,7058,6016,6282,6250,6484,5766,5752,6226,5992,6726,6630,6130,6610,6316,6118,5318,6088,5136,4498,4970,5180,5652,6364,6304,6006,5274,6072,5726,6092,5338,5054,6036,5666,6254,5556,5392,6074,5926,5936,5568,6216,5624,5148,5328,5524,5584,5162,4880,5452,5760,5970,5426,6256,5450,5424
236,136,18,INDUSTRY    ,1977,1,5171,5228,5325,5197,5133,4964,4854,4787,4859,4876,4855,4906,4963,5128,5201,5190,5038,4877,4705,4632,4669,4740,4731,4852,4811,4932,4964,4975,4868,5003,4893,4843,4875,5063,5207,5335,5301,5374,5721,5769,5568,5534,5570,5659,5776,5832,5826,5800,5883,6065,6098,6123,6213,6015,6103,6232,6284,6285,6075,5894,6016,6068,6042,5983,5915,5853,5867,5977,6163,5986,5881,5809,5770,5950,5997,5924,5824,5772,5817,5858,5870,5862,5964,5940,6021,6097,6178,6287,6283,6257,6186,6176,6265,6239,6327,6155,6299,6415,6488,6282,6198,6445,6535,6555,6603,6770,6792,6484,6769,6916,6784,6826,6697,6361,6393,6484,6590,6653,6715,6541,6495,6625,6607,6554,6432,6233,6237,5979,6088,6002,5970,6251,6282,6341,6302,6257,,,,,,,,
237,136,18,INDUSTRY    ,1977,1,4150,4060,4335,4010,3980,3905,3940,3945,3995,3875,3825,3985,3935,3815,3745,3760,3575,3435,3530,3660,3685,3825,3915,4100,4085,4175,4280,4350,4375,4535,4760,4975,5110,5405,5720,5525,6140,6380,6635,6855,7215,7635,8065,8505,8705,8915,8995,7860,9095,9215,9360,9455,9355,9195,9430,9590,9735,9820,9840,8635,9680,9530,9210,9135,8930,8945,8985,9010,8995,8945,8915,7695,8675,8495,8275,7820,7780,7710,7660,7670,7745,7810,7885,6670,7985,8015,7880,7850,7840,7995,8130,8335,8460,8620,8685,7805,8830,8890,8775,8870,8915,9060,9275,9340,9520,9600,9610,8595,9635,9785,9690,9700,9745,8780,8890,8810,8750,8620,8385,8180,7280,7565,7020,6865,6675,6530,6545,6120,6165,6065,5735,6920,6660,6735,6815,6815,,,,,,,,
238,144,18,INDUSTRY    ,1982,1,4080,4162,4200,4156,4129,4064,4070,4175,4364,4179,4098,4270,4035,4251,4342,4360,4268,4230,4285,4324,4321,4300,4387,4606,4424,4494,4602,4717,4715,4658,4560,4509,4573,4515,4590,4594,4533,4637,4733,4508,4415,4633,4680,4687,4699,4850,4870,4765,4842,4959,4846,4886,4748,4605,4615,4722,4840,4929,5038,4905,5039,5112,5203,5181,5097,4927,4928,4755,4855,4787,4823,4840,4867,4950,4994,4939,4894,4685,4677,4765,4823,4951,4979,4999,4896,4818,4837,4810,4740,4746,4748,4797,4762,4908,4934,4898,5022,5022,5020,4961,5043,4831,4783,4752,4810,4834,4809,4734,4925,4949,4946,4849,4600,4699,4684,4793,4786,4741,4710,4616,4603,4567,4608,4730,4731,4678,4606,4418,4419,4365,4263,4206,4211,4187,4240,4407,4593,4673,4599,4488,4516,4364,4303,2113
239,144,18,INDUSTRY    ,1978,1,2041,1982,2216,2159,2768,2636,2818,2641,2393,2575,2310,2251,2183,1796,2355,2183,2919,2386,2384,2461,2358,2181,2145,1820,1716,2178,2115,1546,1723,1959,2067,1897,2037,2046,2105,1886,1784,2001,2280,2313,2341,2204,1987,1097,1558,1782,1718,1395,1251,1381,1418,1869,2001,2096,2063,2096,2270,1789,2162,1843,2074,2202,2490,2089,2721,2594,2473,2572,2495,2638,2577,2089,2221,2679,2615,2591,2532,2766,2837,2811,3063,2797,2605,2615,2282,2808,2860,991,3377,3410,3110,3087,3085,3292,2705,2452,2627,2735,3127,3257,3394,3330,3762,3002,3148,2388,1895,1808,2544,2884,3136,3051,3144,3264,3136,2790,3420,2983,2856,2705,2339,2676,3158,2799,2971,3318,2884,2799,2846,2872,2695,2190,6026,5036,5868,5405,5432,5301,4205,6479,5146,5766,5778,3913
240,144,18,INDUSTRY    ,1982,1,2390,2680,3050,2950,2460,2480,2300,2250,2320,2600,2360,2570,2740,2570,2880,3010,2590,2650,2380,2480,2390,2800,2530,2690,3190,3150,3080,3370,2770,2760,2770,2590,2360,3460,2720,2790,3190,2840,2860,3240,2780,2700,2880,2740,2730,3340,2880,3080,3370,3230,3430,3440,2700,2950,2920,2730,2900,3460,2940,3220,3460,3400,3520,3530,2900,3300,2970,2900,3120,3610,3100,3690,3550,3200,3340,3290,3170,3330,2870,2900,3210,3810,3070,3830,3370,3280,3750,3540,3240,3450,3030,2950,3090,3970,3650,3980,3180,3240,3600,3280,3080,3240,2940,2990,2870,3780,3150,3720,3470,3180,3320,3460,3190,3150,3010,2950,3020,3780,3140,3700,3610,3560,3640,3640,3350,3390,3080,3160,3380,3700,3740,4180,3830,3750,4180,3670,3280,3610,3230,3450,3470,3990,3820,4410
241,134,18,MACRO       ,1983,1,2767.4,2766.8,2782.4,2811.3,2836.2,2850.7,2870.2,2869.6,2898.5,2937.2,2965.5,2994.8,3023.4,3065.9,3097.1,3109.4,3114.6,3141.2,3162.5,3191.2,3222.7,3216,3239.9,3271.6,3288.2,3314.7,3336.2,3357,3347.7,3369.3,3381.2,3389.9,3402.7,3434,3443.9,3492.2,3500.2,3519.6,3544.3,3580.7,3578.9,3582.4,3595.4,3610,3630.5,3629.2,3639.7,3674.4,3687.5,3722.6,3737.3,3751.3,3759.1,3768,3789.5,3816.3,3836.7,3903.5,3896.3,3955.6,3942.9,3962.8,3997.2,4019.2,4035.6,4059,4083.2,4101.4,4124,4191.2,4177.8,4216.7,4269.6,4305.6,4340.3,4355.2,4354.6,4362.4,4383.7,4387.2,4396.8,4439.3,4473.6,4495.2,4548.1,4588.3,4620.3,4640.4,4638.2,4667.1,4686.5,4693.7,4725.6,4724.8,4751.2,4801.3,4773.6,4780.4,4797.8,4811.6,4834.9,4853.6,4843.6,4855.6,4877.2,4901.9,4903.7,4977,4972.8,5027.5,5053.1,5073.1,5097,5111.2,5128.6,5118.4,5172.4,5239.1,5238.5,5507.3,5225.7,5249.1,5289.2,5365.6,5380.4,5373.6,5365.1,5432.3,5440.6,5478.7,5511.2,5548.1,5529.3,5600.6,,,,,,,,,,
242,134,18,MACRO       ,1983,1,3257.4,3247.6,3269.2,3295,3332.6,3349.6,3381,3394.6,3420.6,3475.8,3489.2,3519,3559.6,3582.2,3605.4,3649.4,3657.6,3693.8,3722.2,3735.4,3769.2,3773.2,3805.6,3841.2,3851.2,3869.6,3910.6,3913.6,3933.2,3969.8,3970.2,3996.4,4026.6,4049.4,4068.2,4117.4,4113.6,4129.4,4161.2,4153.2,4168.4,4190.8,4207,4234.8,4248,4283.6,4313.4,4326.4,4362.6,4394.8,4424,4439,4467.8,4487.4,4513,4567.2,4591.8,4620.8,4661.2,4739.8,4708.8,4746.2,4774,4817.2,4841.4,4878.8,4922,4924.6,4955.2,5015.8,5008.8,5039,5082,5079.2,5110.6,5141.8,5119.4,5143.2,5186.6,5178.6,5205.2,5267,5268,5292.2,5331,5382.8,5421.2,5466.6,5463,5504.4,5532.4,5526.6,5564.6,5541,5545.8,5600,5568.4,5560.4,5563.4,5566.8,5592.2,5646.4,5620.4,5643.6,5676.4,5680.8,5689.8,5750.8,5729.8,5798.4,5824.6,5833,5877.4,5891.2,5908.6,5963.2,5952.6,6005,6042.2,6527.8,5941.8,5952.6,5951.6,6136.6,6187.6,6172,6203.2,6248.6,6240.8,6275.4,6294.2,6328,6389.8,6404.4,,,,,,,,,,
243,134,18,MACRO       ,1983,1,5082,5063,5075,5114,5152,5198,5253,5285,5369,5428,5479,5520,5585,5650,5677,5739,5763,5821,5848,5885,5895,5908,5944,5984,6013,6005,6124,6055,6080,6104,6105,6140,6155,6215,6209,6254,6255,6231,6291,6248,6253,6244,6256,6293,6290,6361,6335,6363,6383,6394,6449,6422,6441,6452,6479,6536,6612,6637,6694,6720,6753,6799,6910,6915,6940,6990,7029,7020,7069,7175,7140,7144,7183,7183,7260,7208,7190,7197,7222,7247,7246,7334,7315,7313,7316,7427,7475,7479,7469,7498,7493,7478,7501,7466,7404,7474,7395,7353,7312,7308,7330,7359,7370,7392,7416,7465,7396,7470,7376,7408,7455,7477,7514,7508,7516,7520,7513,7588,7556,8354,7387,7427,7408,7652,7667,7633,7668,7694,7721,7746,7794,7839,7853,7901,,,,,,,,,,
244,134,18,MACRO       ,1983,1,3807,3816,3840,3874,3911,3943,3987,4006,4074,4119,4162,4191,4238,4282,4307,4352,4359,4389,4422,4449,4462,4480,4504,4532,4551,4524,4637,4556,4574,4596,4601,4623,4625,4688,4678,4707,4706,4690,4758,4704,4718,4711,4722,4746,4746,4806,4768,4783,4808,4819,4862,4836,4836,4843,4869,4909,4987,4984,5023,5042,5073,5103,5201,5176,5203,5238,5264,5257,5299,5399,5366,5361,5394,5398,5473,5401,5390,5397,5408,5417,5412,5482,5445,5443,5424,5508,5559,5580,5562,5582,5585,5577,5591,5584,5524,5598,5540,5503,5487,5491,5518,5551,5571,5594,5614,5678,5628,5686,5601,5646,5673,5695,5721,5720,5735,5729,5735,5790,5754,6516,5586,5610,5596,5821,5803,5784,5795,5812,5837,5840,5875,5918,5922,5975,,,,,,,,,,
245,134,18,MACRO       ,1983,1,3406,3416,3426,3444,3464,3482,3496,3510,3530,3556,3580,3604,3620,3636,3648,3662,3676,3690,3700,3712,3726,3740,3760,3762,3766,3784,3800,3814,3828,3840,3850,3858,3866,3872,3878,3884,3920,3932,3946,3962,3976,3994,4012,4042,4062,4084,4106,4128,4132,4146,4154,4190,4134,4160,4174,4182,4224,4290,4330,4370,4398,4426,4458,4492,4528,4576,4624,4672,4720,4764,4808,4848,4866,4896,4926,4958,4988,5020,5052,5084,5116,5150,5182,5216,5342,5360,5380,5404,5430,5458,5490,5524,5560,5592,5626,5660,5702,5742,5784,5824,5866,5908,5956,6002,6050,6096,6140,6182,6226,6268,6312,6356,6398,6440,6480,6520,6558,6596,6630,6662,6716,6770,6824,6878,6932,6986,7040,7094,7148,7202,7258,7316,7376,7438,,,,,,,,,,
246,98,18,MACRO       ,1986,1,1170,1420,1240,4430,3140,2060,1580,2020,2570,2000,1800,3270,2690,3900,3620,3770,2340,2270,2390,1870,1940,6030,2690,4010,3010,3100,4510,3720,3480,3040,2380,2420,2120,4120,1920,3230,3990,5990,5420,4670,4620,3390,3030,2820,2850,3610,3700,4190,4470,4850,5660,4720,4210,3810,3310,3140,3040,3240,4990,4910,3000,3360,4810,4610,4600,3560,3190,2920,2840,3990,2850,4420,3370,4690,5630,5540,4300,3640,3510,3150,4380,5800,3860,4620,3690,4820,8200,5970,4520,3600,1060,3110,3270,4390,6000,6530,5170,5680,,,,,,,,,,,,,,,,,,,,,,,,,,,,,,,,,,,,,,,,,,,,,,
247,98,18,MACRO       ,1986,1,5172,5174,5188,5226,5200,5192,5246,5278,5422,5172,5140,5340,5398,5492,5528,5520,5546,5574,5616,5662,5660,5644,5642,5668,5728,5708,5692,5820,5832,5870,5826,5890,5910,6026,6046,6080,6100,6098,6120,6128,6120,6102,6078,6136,6124,6170,6252,6260,6318,6354,6380,6350,6384,6402,6436,6472,6526,6458,6440,6610,6466,6556,6574,6686,6758,6780,6884,6882,6896,6934,6968,7106,7164,7238,7270,7306,7326,7338,7402,7410,7464,7614,7648,7756,7768,7774,7764,7794,7854,7896,7862,7988,8008,8120,8208,8308,8318,8384,,,,,,,,,,,,,,,,,,,,,,,,,,,,,,,,,,,,,,,,,,,,,,
248,98,18,MACRO       ,1986,1,4865,5025,5135,5235,5290,5335,5350,5360,5350,5320,5285,5235,5185,5120,5065,4995,4990,4960,4955,4960,4965,4980,5005,5040,5095,5165,5215,5275,5320,5370,5445,5535,5585,5650,5695,5715,5935,6010,6085,6155,6210,6270,6370,6440,6490,6580,6655,6695,6905,7070,7200,7315,7225,7300,7335,7340,7320,7275,7220,7160,7015,6870,6610,6430,6330,6240,6210,6185,6185,6185,6205,6250,6310,6405,6515,6655,6795,6945,7100,7260,7370,7485,7600,7765,7835,7855,7860,7875,7890,7910,7930,7950,7965,7970,7970,7975,7985,8020,,,,,,,,,,,,,,,,,,,,,,,,,,,,,,,,,,,,,,,,,,,,,,
249,98,18,MACRO       ,1986,1,5193,5256,5310,5336,5342,5349,5351,5347,5339,5324,5316,5337,5338,5357,5378,5411,5439,5446,5480,5511,5541,5586,5621,5661,5656,5650,5638,5671,5706,5747,5811,5881,5951,6019,6087,6160,6289,6433,6572,6646,6712,6762,6768,6775,6784,6796,6812,6829,6856,6872,6879,6897,6924,6964,7000,7033,7052,7064,7091,7156,7156,7154,7151,7186,7209,7205,7193,7173,7152,7116,7089,7081,6997,6934,6901,6926,6960,6995,6952,6919,6896,6922,6948,6966,6957,6953,6952,6941,6931,6920,6936,6957,6978,6973,6967,6962,6966,6974,,,,,,,,,,,,,,,,,,,,,,,,,,,,,,,,,,,,,,,,,,,,,,
250,98,18,MACRO       ,1986,1,5049,5062,5099,5112,5144,5173,5250,5210,5236,5251,5261,5286,5317,5343,5356,5377,5450,5422,5442,5442,5456,5478,5476,5499,5655,5674,5752,5735,5737,5743,5770,5793,5798,5828,5847,5869,6021,6051,6156,6138,6170,6216,6255,6302,6344,6400,6469,6473,6689,6701,6721,6736,6763,6830,6856,6890,6968,7060,7100,7200,7406,7449,7495,7561,7621,7661,7701,7759,7803,7929,7912,8087,8312,8403,8417,8479,8528,8564,8616,8645,8722,8797,8724,8802,8924,8926,8983,9017,9045,9102,9143,9194,9218,9259,9275,9362,9423,9469,,,,,,,,,,,,,,,,,,,,,,,,,,,,,,,,,,,,,,,,,,,,,,
251,98,18,MACRO       ,1986,1,3162,3180,3204,3202,3216,3236,3246,3266,3274,3294,3312,3318,3388,3406,3420,3426,3442,3452,3464,3496,3508,3524,3546,3592,3772,3794,3810,3840,3854,3880,3910,3914,3936,3980,3982,4008,4152,4158,4184,4206,4196,4216,4242,4242,4258,4288,4288,4306,4444,4400,4452,4416,4452,4516,4534,4532,4552,4542,4550,4582,4688,4686,4692,4708,4732,4764,4770,4786,4798,4802,4808,4840,4892,4934,4948,4944,4970,4970,4978,5006,5002,5032,5058,5108,5122,5138,5138,5270,5306,5298,5318,5348,5340,5366,5382,5404,5570,5582,,,,,,,,,,,,,,,,,,,,,,,,,,,,,,,,,,,,,,,,,,,,,,
252,134,18,MACRO       ,1983,1,3649,3662,3683,3669,3779,3815,3593,3617,3644,3694,3710,3743,3746,3790,3811,3835,3866,3925,3973,4004,4058,4075,4133,4195,4184,4509,4810,4250,3584,4379,4377,4411,4446,4462,4479,4522,4447,4460,4469,4466,4489,4551,4570,4618,4653,4705,4771,4880,4734,4706,4778,6070,4983,5012,5053,5129,5172,5210,5260,5388,5144,5048,5132,5467,5249,5195,5248,5267,5315,5390,5407,5464,5778,5684,5795,6164,5943,5866,5918,5928,5969,6026,6043,6082,6067,6125,6164,6225,6279,6317,6306,6271,6278,6248,6242,6267,6197,6154,6141,6156,6159,6184,6165,6197,6228,6263,6274,6326,6287,6361,6279,6325,6355,6358,6389,6442,6455,6512,6557,7051,6551,6573,6590,6778,6831,6820,6855,6907,6909,6948,6987,7041,7129,7155,,,,,,,,,,
253,134,18,MACRO       ,1983,1,2501,2499,2535,2636,2693,2774,2829,2797,2803,2931,2941,3059,3132,3039,3057,3127,3184,3227,3187,3159,3193,3186,3333,3326,3397,3395,3473,3400,3566,3443,3480,3636,3929,3512,3526,3593,3735,3614,3566,3746,3820,3718,3833,4019,4496,4006,3867,4331,3671,3932,3945,4010,3962,4069,4124,4277,4191,4021,4068,4176,4268,4271,4326,4263,4326,4405,4349,4330,4327,4446,4470,4672,4602,4461,4462,4646,4519,4562,4625,4850,4650,4592,4583,4574,4989,4705,4700,4728,4618,4634,4679,4630,4711,4628,4620,4538,4338,4436,4692,4483,4492,4586,4657,4613,4682,4636,4656,4663,4822,4891,4806,4803,4863,4968,4964,5024,5039,5154,5089,5255,5310,5082,5067,5266,5327,5356,5400,5441,5416,5594,5621,5668,5663,5775,,,,,,,,,,
254,134,18,MACRO       ,1983,1,3944,3936,3996,4006.5,4051,4099,4133.5,4143,4164.5,4186.5,4207.5,4203.5,4290.5,4247,4273.5,4326,4344.5,4409.5,4361,4378.5,4432.5,4404,4462,4450.5,4461,4518.5,4519.5,4572,4578.5,4564,4588,4620,4649,4659,4709,4723.5,4769,4735.5,4747,4683,4728.5,4746.5,4752,4743.5,4770,4808.5,4793,4854,4862.5,4997.5,4975.5,5014,5037.5,5062.5,5070,5101.5,5104,5119,5141,5181,5180.5,5179,5262.5,5265,5314,5350.5,5390,5435,5461.5,5514.5,5546.5,5526,5616,5594.5,5606.5,5703,5740.5,5753.5,5761.5,5786.5,5808.5,5824,5856,5922.5,5946,6031,6048.5,6048,6036,6120,6146.5,6200.5,6267.5,6298,6321,6292,6255,6255,6275,6263.5,6315.5,6309,6316.5,6294.5,6289,6282,6299,6319,6385.5,6406,6381,6416.5,6460.5,6446.5,6492,6538.5,6554.5,6640.5,6645,6689.5,6668.5,6725,6636,6711.5,6720.5,6740.5,6748,6752.5,6785.5,6831.5,6830,6850,6779.5,6855.5,,,,,,,,,,
255,144,18,MACRO       ,1960,1,4040,4125,4175,4075,4215,4315,3965,4040,4230,4290,4245,3890,3885,4060,4060,4215,4315,4545,4250,4345,4565,4585,4565,4245,4230,4460,4555,4565,4775,5000,4670,4725,4965,4915,4890,4520,4550,4760,4860,4855,5070,5310,4780,4985,5270,5255,5330,4980,5020,5335,5290,5420,5585,5745,5210,5515,5740,5695,5815,5390,5460,5650,5850,5810,6050,6240,5750,5920,6165,6340,6370,6055,6030,6310,6350,6375,6490,6650,6095,6270,6570,6680,6660,6270,6210,6410,6405,6640,6625,6835,6145,6440,6790,6715,6885,6570,6445,6590,6695,6905,7145,7390,6505,6740,7355,7450,7590,7085,6960,7310,7545,7420,7650,7870,6975,7250,7730,7700,7840,7335,7185,7585,7465,7640,7675,7825,6900,7240,7550,7545,7620,7085,7095,7515,7630,7615,7825,8120,7055,7725,8265,8285,8220,7580
256,144,18,MACRO       ,1960,1,4320,4480,4365,3990,4280,4470,4505,4400,4600,4390,4280,4065,4210,4335,4035,4155,4430,4600,4490,4570,4810,4765,4730,4395,4465,4540,4540,4360,4800,4855,4865,4945,5105,4900,4890,4605,4560,4805,4775,4685,5185,5105,4685,4995,5435,5295,5305,5160,5260,5460,5265,5505,5770,6000,5610,5630,5820,5845,5830,5465,5680,5670,5835,5685,5780,5850,5795,6005,6190,6020,6150,5940,5705,5835,5935,5970,6140,6350,5460,5930,6165,6205,6180,5945,5955,5895,5935,6120,6385,6550,6125,6560,6620,6715,6615,6575,6150,6560,6675,6720,6885,7000,6790,6850,7005,7100,7020,6820,6850,7065,7285,7130,6730,6605,6230,6185,6665,6775,7080,7485,7555,7855,7780,7390,7835,8035,7795,7870,8320,8285,8465,8360,7985,8075,8250,8020,8245,8415,8350,8325,8565,8480,8630,8615
257,120,18,MACRO       ,1964,1,1600,3795,3805,3860,3875,3885,3930,3960,3995,3875,4065,4165,4200,4240,4315,4355,4400,4440,4525,4525,4530,4565,4585,4685,4740,4780,4850,4905,4925,4950,4970,4985,5040,5105,5015,5045,5025,4960,4925,4955,4945,4935,4925,4995,4970,5005,5140,5190,5220,5250,5235,5255,5335,5360,5345,5325,5320,5350,5430,5440,5490,5505,5545,5530,5480,5535,5560,5575,5595,5595,5500,5450,5260,5240,5245,5205,5180,5155,5160,5150,5070,4855,4825,5015,5070,5075,5060,5070,5135,5135,5110,5015,5125,5185,5190,5230,5350,5415,5465,5560,5585,5615,5645,5730,5820,5920,6000,6090,6125,6215,6240,6265,6315,6355,6420,6375,6460,6465,6490,6485,,,,,,,,,,,,,,,,,,,,,,,,
258,120,18,MACRO       ,1964,1,20145,19660,19750,19590,18820,19070,18040,18275,18560,18630,17755,18255,17860,18650,17550,17975,17160,16935,16505,16270,16080,15715,15365,15155,14940,14100,14435,14140,14750,14360,14380,14500,13990,13990,13850,14560,14840,14575,14445,14475,14645,14960,14720,14725,14790,15715,15330,15090,14390,15005,14385,13545,13700,14690,14415,13840,13430,13445,13575,13425,13590,13460,13560,13790,13565,14080,14340,14280,15200,15245,14280,14420,16065,17240,18140,18980,19565,20080,20900,21260,22270,23185,24425,25280,24840,24385,24780,24630,24780,24575,25075,25660,25160,25005,25705,25560,24830,24380,24905,24510,24380,24400,24385,24560,24165,24620,22785,22390,21230,21890,21540,21885,21340,21505,21255,21320,21660,20815,21710,22085,,,,,,,,,,,,,,,,,,,,,,,,
259,144,18,MACRO       ,1962,1,7650,8000,7500,7450,7750,7550,7300,7250,7050,7050,6650,6800,6900,7050,7250,7250,7250,7000,7000,6950,7100,6950,6650,6650,6750,6600,6750,6200,6800,6800,7350,6500,6350,6300,7000,6350,6100,6300,6000,5700,5550,5800,5800,5950,5950,6050,5850,5700,5950,5600,5550,5400,5100,4850,4850,4900,5050,5150,4850,4750,4650,4600,4450,4400,4350,4150,4150,4450,4200,4350,4450,4300,4700,4350,4250,4350,4100,3950,4200,4150,4100,4200,4050,4100,4050,3950,3950,3950,3950,3850,3900,3950,4000,3800,4000,4000,3950,4000,4150,4150,4300,4350,4450,4400,4450,4300,4700,4900,5250,5200,5300,5450,5600,5800,5750,5750,5750,5950,6300,6000,5750,6100,6200,6150,6200,6150,6200,5900,5900,6050,5850,5700,5700,5500,5250,5300,5000,5050,4800,4900,4700,5100,5000,4750
260,120,18,MACRO       ,1964,1,7235.6,7268.3,7271.3,7327.4,7339.5,7303.2,7300.7,7311.8,7329,7330.8,7328.6,7346.5,7356.9,7385.7,7394.9,7422.8,7446.6,7441.2,7476.1,7461.6,7450.2,7483.8,7479.7,7509.3,7518.6,7495.4,7507.5,7533.8,7544.7,7564.7,7573.6,7604.6,7605.6,7619.9,7661,7664.1,7663.9,7652.1,7632.8,7677.7,7677.3,7727,7746.4,7771.2,7781.2,7819.4,7819.1,7849.1,7757.8,7823,7825.6,7827,7884.7,7912,7897,7881.1,7885.8,7891.3,7920.9,7946.3,7952.3,8001.9,8007.9,8028.1,8012.5,8069.6,8082.7,8110.6,8129,8149.4,8139.7,8162.4,8207.7,8215.5,8244.6,8269,8245.6,8244.6,8287.6,8284.3,8290.6,8325,8344.2,8353.6,8367.8,8334.6,8330.2,8368.2,8384.7,8351.4,8411.4,8442.8,8443.1,8462.6,8508.5,8522.7,8559.6,8556.7,8618.9,8613.2,8634,8653.4,8663.5,8698.2,8690.2,8702.7,8700,8733.1,8686.8,8770.8,8824.7,8833.9,8831.4,8884.2,8881.8,8872.2,8918.2,8945,8993.2,9010.3,,,,,,,,,,,,,,,,,,,,,,,,
261,84,18,MACRO       ,1962,1,3620,3940,3650,3850,3680,3610,3650,3660,3640,3730,4000,4080,3800,3910,3880,3980,4360,3990,3960,4070,4200,4280,4500,4560,4700,4240,4430,4460,4820,4950,4640,4690,4750,4790,5100,5170,4890,4930,5220,5250,5180,5100,5270,5080,5490,5510,5450,5820,5810,6280,6140,6410,6340,6210,6640,6220,6790,6200,6140,6140,5300,5690,5810,5700,5880,6110,6050,6260,6090,6190,6220,6400,6070,8030,9370,8060,7440,7490,8560,8630,7940,9500,8210,8970,,,,,,,,,,,,,,,,,,,,,,,,,,,,,,,,,,,,,,,,,,,,,,,,,,,,,,,,,,,,
262,120,18,MACRO       ,1964,1,9400,9430,9450,9450,9470,9480,9500,9550,9550,9550,9570,9590,9590,9640,9670,9650,9670,9660,9690,9740,9750,9780,9780,9770,9790,9740,9750,9780,9780,9810,9810,9780,9810,9810,9850,9880,9910,9930,9960,9990,10000,10000,10040,10020,10030,10050,10060,10080,10110,10130,10140,10180,10180,10200,10200,10320,10240,10240,10250,10280,10280,10300,10280,10270,10300,10310,10320,10320,10330,10360,10370,10320,10310,10320,10340,10330,10340,10370,10400,10450,10450,10440,10440,10450,10500,10560,10580,10610,10640,10620,10650,10680,10700,10710,10700,10790,10860,10850,10890,10950,10930,10940,10960,10980,11000,11050,11050,11110,11090,11040,11010,11020,10980,10990,11050,10910,10960,10920,10900,10890,,,,,,,,,,,,,,,,,,,,,,,,
263,120,18,MACRO       ,1964,1,4209.2,4228.6,4259.2,4294.4,4352.4,4355.8,4377.4,4439,4480.8,4307.6,4348,4550.2,4583.6,4612.6,4566.8,4605.2,4676.6,4648.6,4724.4,4739.4,4752,4874.6,4933.4,4951,4983.8,4998.6,5086,5016.8,4930.6,5044.4,5065.6,5123,5133.4,5111.4,5113.6,5076.8,5165.6,5095.6,5151.6,5188,5193.2,5297.6,5265,5259.6,5379.8,5225.8,5279.2,5309,5424.6,5497.4,5619.2,5569,5641.8,5665.2,5768.6,5784.8,5786.8,5825.8,5851.8,5786.2,5876.8,5923.2,5864.2,5936.6,5943.4,5931.4,5910.4,5968.2,6011.6,6052.4,6039.4,6053.6,6066.8,6133.8,6139,6201,6239.6,6258.6,6320.2,6342,6390.2,6324.2,6256.4,6352.2,6458,6570,6654.8,6715.6,6700.4,6765.4,6737.6,6931,7043.8,6992.8,7114.8,6979.2,6977.2,7069,7290,7259.2,7428.2,7364.4,7468.4,7593.8,7549.2,7821.2,7742.6,7883.4,8141.4,8248.4,8395.8,8237,8344.6,8233.4,8553.4,8471,8505.8,8594,8595.2,8423.2,,,,,,,,,,,,,,,,,,,,,,,,
264,144,18,MACRO       ,1962,1,5830,5000,7080,6870,5830,1870,8330,7500,6460,3960,8750,6670,5000,5420,5210,4170,5210,7500,6670,6460,2500,5830,5420,7710,4380,7080,5210,5210,6670,6670,3910,7170,3480,7830,5650,6090,6300,6520,3040,5430,8700,4350,8040,4780,7390,7830,7830,3700,7610,6520,6090,4350,3040,9570,4780,4780,6090,4350,6960,4130,8700,3910,4350,6090,3480,8260,4350,6090,7610,3700,6740,4780,7390,6520,8260,2610,6090,6520,6300,5870,3040,5220,5430,2610,6960,6090,2170,7390,4130,5430,4570,5000,3040,6300,3480,6090,6090,5870,5000,8260,5430,3910,5650,6520,5000,6740,5430,4780,4350,6520,7390,7390,5220,7390,8000,8700,3910,4780,7830,3700,5290,6740,8700,4780,6960,3700,6960,7610,3040,10000,2830,5220,8700,7610,6520,3040,6960,5650,7390,3480,7390,6520,5650,4350
265,143,18,FINANCE     ,1982,1,7008.8,7046.8,7161.9,7112.8,7160.1,7176.5,7255.9,7270.9,7381.8,7581.1,7712.5,7954.3,7752.9,7370.6,7084.3,7038.9,6879.7,7090.7,7271,7397.7,7356.9,7290.2,7791.9,7830.9,7345,7436.7,7322.1,7845.7,7953,8206.7,8095.7,7977.9,7792.8,7674.6,7770.8,7836.4,7580.5,7965,7703.2,7635.3,7344.4,7230.8,7277,7124.9,7109.2,6956.1,6817.5,6841.3,6864,6749,6688.2,6623.5,6675.9,6708,6643.7,6448,6700.9,6592,6495.2,6497.4,6504.9,6514.4,6595.4,6675.2,6777.9,6962.2,6849.5,6864.5,6877.1,7189.1,7106.8,7056.5,6315.2,6241.9,6345.4,6411.1,6338.1,6435.9,6324,6403.6,6345.2,6225.3,6596.1,6663.1,6221.2,6293.3,6245.8,6435.7,6239.6,6414.1,6558.8,6576.4,6381.4,6366,6380.2,6297.2,6001.9,5785.2,5586.5,5394.5,5476.6,5375,5200.6,5232.4,5046.9,5209.3,5396.8,5477.1,5649.8,5283.1,4879.5,4708.6,4643.8,4553.9,4475.6,4422.8,4346.2,4491,4394.7,4377,4311.2,4137.5,3930.9,3933.5,3838.4,3776.7,3773.3,3709,3781.4,3759.9,3766.4,3820,3600.1,3522.1,3493.9,3531.7,3492.7,3414.9,3312,3257.2,3304.1,3306.9,3199.7,
266,144,18,FINANCE     ,1982,1,1674.15,1676.16,1665.27,1726.97,1769.37,1800.15,1808.78,1740.94,1716.27,1703.65,1669.41,1623.3,1662.22,1684.55,1669.95,1706.39,1702.15,1721.8,1723.59,1724.03,1769.91,1776.18,1832.94,1834.98,1872.84,1939.26,2003.65,2100.73,2153.45,2205.94,2227.82,2201.25,2267.36,2305.11,2380.24,2317.6,2418.13,2462.32,2476.02,2559.13,2592.53,2595.72,2658.63,2718.57,2783.86,2834.64,2920.23,2939.09,2977.04,2974.23,2988.85,3003.09,3103.64,3145.98,3139.76,3226.48,3269.67,3299.55,3265.36,3259.48,3339.16,3374.52,3371.33,3497.63,3554.45,3512.53,3474.21,3479.17,3601.73,3611.24,3540.12,3735.86,3783.03,3882.02,3876.33,4086.62,4154.92,4151.25,4190.03,4220.9,4251.04,4295.49,4423.96,4517.62,4686.9,4870.07,4867.83,4986.06,5015.89,5043.71,5030.95,5137.86,5118.81,5124.46,5164.26,5218.59,5317.28,5411.99,5418.55,5533.68,5482.58,5438.63,5448.32,5473.64,5617.73,5583.75,5559.94,5578.11,5708.65,5682.25,5650.27,5563.39,5444.99,5422.65,5435.63,5340.52,5321.07,5256.24,5296.99,5281.24,5355.44,5347.89,5384.93,5475.77,5377.91,5459.4,5440.77,5412.6,5506.43,5514.8,5565.58,5451.36,5437.25,5352.18,5349.35,5449.23,5429.78,5433.04,5362.22,5391.74,5410.7,5445.97,5486.9,5529.95
267,144,18,FINANCE     ,1982,1,1122.56,1108.12,1098.11,1139.43,1179.18,1210.83,1228.85,1172.02,1152.16,1155.3,1156.5,1186.4,1198.84,1217.18,1210.38,1248.14,1266.93,1281.23,1285.25,1294.53,1308.42,1325.12,1388.54,1410.76,1426.38,1467.53,1511.97,1563.29,1614.74,1604.13,1605.44,1583.58,1595.42,1601.74,1670.44,1667.76,1715.76,1751.3,1774.43,1812.3,1823.09,1835.2,1880.99,1950.35,2016.73,2001.58,2065.07,2137.39,2120.97,2135.9,2187.42,2217.89,2302.76,2349.38,2327.18,2394.98,2432.95,2440.66,2433,2528.99,2579.71,2633.42,2627.01,2695.78,2762.16,2721.86,2680.49,2704.55,2808.48,2799.57,2737.6,2872.74,2957.04,3015.87,3018.96,3152.26,3249.85,3249.53,3279.59,3317.54,3326.3,3325.13,3445.44,3541.27,3624.69,3777.49,3770.94,3796.47,3783.88,3803.75,3810.29,3889.35,3857.98,3847.85,3871.37,3984.56,3987.39,4050.13,3996.71,4040.53,4024.93,3989.69,4007.03,4025.7,4101.34,4047.18,4085.78,4203.98,4216.83,4240.33,4178.2,4036.81,3961.02,3975.16,3983.13,3974.53,4002.92,3923.41,3947.31,4035.56,4031.58,3981.97,4021.71,4015.22,3951.2,4066.24,4040.24,4021.92,4140.01,4058.35,4074.99,4081.99,3986.43,3881.39,3924.17,3860,3852.95,3902.48,3774.16,3835.16,3865.69,3875.46,3933.07,4083.35
268,144,18,FINANCE     ,1982,1,1533.3,1548.7,1592.2,1636.15,1716.8,1772.3,1849.15,1832.85,1779.2,1794.65,1807.35,1733.3,1800.65,1892.55,1826.65,1898.95,1967.3,1972.5,1896.6,1960.7,1990.45,1975.9,2184.05,2241.65,2204.1,2276.3,2327.8,2418.5,2556.7,2510.8,2483.8,2515.65,2606.9,2702.75,2812,2859.55,2983.3,3054.95,3052.85,3180.75,3147.45,3171.9,3356.5,3379.5,3502.45,3410.45,3656.35,3979.8,3967.95,3971.95,4191.15,4255.3,4427,4523.15,4426.85,4607.3,4822.9,4823.5,4741.45,5126.05,5148.1,5202.4,5179.65,5279.15,5367.65,5450.5,5264.25,5394.9,5699.4,5403.2,5161.7,5751.7,6141.9,6351.6,6484.9,6783.65,6966.95,7151.3,7186.25,7271.35,7551.95,7387.95,7579.05,8076.75,8185.9,8740.35,8673.2,8628.85,8506.1,8508.7,8798.9,9041.1,8924.05,8655.95,8788.5,9429,9179.25,9390,9260.1,9347.95,9400.85,9716.75,9903.5,9945,10336.7,9954.6,10260.15,11068.1,10807.4,11108.45,11296.6,10703.6,10325,10309.35,10275.5,10335.1,10675.8,10590.05,10667.5,11054.65,11065.55,10841.8,11078.9,11363.6,11197.4,11762.15,11365.35,11477.5,11817.55,11158.85,11375.1,11812.5,10751.1,10405.4,11022.9,10574.6,10545.55,11058.45,10370.2,10639.95,10857.3,10744.2,10757.6,11379.25
269,144,18,FINANCE     ,1982,1,2447.7,2395.14,2339.01,2436.6,2507.46,2569.11,2577.06,2416.35,2388.96,2389.11,2385.09,2519.22,2516.13,2516.01,2535.15,2605.05,2620.41,2660.19,2717.79,2707.17,2730.99,2789.82,2855.19,2887.29,2956.68,3036.81,3139.23,3238.77,3310.2,3305.91,3326.04,3241.35,3222.12,3183.57,3324.12,3287.55,3357.3,3420.93,3491.58,3528.45,3580.8,3602.46,3629.07,3823.35,3948.72,3958.47,4001.4,4024.29,3982.14,4024.53,4047.57,4100.49,4252.08,4334.25,4325.43,4420.56,4405.11,4427.88,4454.13,4511.34,4650.27,4778.82,4773.24,4919.85,5065.89,4895.28,4882.92,4876.71,5005.8,5156.79,5115.78,5167.2,5185.98,5236.65,5165.94,5386.59,5569.38,5457.81,5527.02,5589.81,5447.73,5542.62,5788.89,5777.76,5962.53,6088.26,6108.9,6212.1,6247.98,6306.03,6151.53,6243.39,6219.51,6349.98,6341.01,6296.28,6454.62,6516.39,6434.07,6512.82,6434.28,6139.02,6078.99,6110.1,6102,6168.78,6101.25,5971.08,6166.05,6055.92,5756.64,5688.27,5688.06,5739.87,5784.09,5722.53,5603.28,5416.2,5441.43,5474.49,5455.41,5440.83,5417.79,5227.5,5135.16,5141.43,5301.51,5179.26,5329.5,5479.74,5399.91,5158.47,5508.63,5400.93,5158.77,5235.24,5231.52,5072.37,5100.36,5121.51,5082.69,5179.86,5344.65,5422.5
270,144,18,FINANCE     ,1982,1,2757.95,2840.2,2835.8,2937.7,2950.95,2946.6,2899.65,2844.6,2820.55,2741.75,2564.55,2184.5,2316.9,2336.85,2297.85,2291.25,2176.1,2202.85,2191.7,2147.5,2307.45,2255.3,2222,2121.1,2232.3,2358.65,2458.4,2687.2,2693.55,3009.05,3111.9,3088.35,3359.7,3516.85,3549,3249.2,3511.85,3555.1,3507.95,3734.15,3847.2,3802.6,3888.2,3841.1,3835.65,4165.3,4275.8,4008.5,4280.35,4191.65,4007.15,3926,4004.4,3983,4062.9,4157.5,4183.6,4294.45,4161.8,3652.45,3797.25,3705.5,3721.6,4009.25,3961.45,3953.35,3968.6,3873.1,3966.25,4058.35,4012.6,4315.6,4129.95,4330.75,4286.85,4671.8,4525.35,4508.6,4552.2,4516.8,4623.7,4851.8,4892.6,4881.75,5312.9,5462.9,5484.45,5947.95,6160.05,6199.8,6103.3,6242.55,6304.15,6383.05,6464.45,6170.15,6649.45,6809.3,7109.2,7465.75,7288.25,7244.7,7206.45,7239.7,7581.95,7682.85,7370.8,6870.65,7459.1,7209.6,7360.35,7632.9,7419.85,7237.45,7262.5,6829.95,6590.75,6664.15,6748.4,6228.4,6619.3,6829.6,6816.1,7302.75,7133.55,6965.8,7002.65,6953.4,6832.1,7282.25,7452.95,6846.85,7254.1,7353.95,7125.9,7946.15,7884.15,7652.8,7940.3,7782.9,7725.05,7852.55,7769.15,7233
271,134,18,FINANCE     ,1983,1,3528.48,3662.34,3648.9,3788.42,3700.22,3791.58,3789.56,3868.1,4160.68,3801.34,3905.34,3971.42,3989.14,3776.74,3902,4164.14,4047.38,4014.52,4083.88,4063.68,4143,3973.64,4113.42,4170.46,4012.48,4104.5,4152.06,4495.68,4202.9,4291.5,4478.28,4311,4763.28,4312.62,4343.64,4751.44,4570.24,4491,4536.76,4700.3,4593.82,4624.12,4648.18,4695.24,4918,4787.18,4866.68,5347.18,5069.12,4869.7,5087.64,5471.8,5102.44,5310.96,5147.76,5054.72,5252.98,5400.96,5329.82,5511.32,5303.48,5213.86,5301.44,5679.58,5399.78,5548.84,5508.16,5491.84,5703.7,5586.62,5712.76,5873.48,5735.42,5691.64,5632.7,6076.14,5731.02,5916.32,5664.74,5650.3,5812.14,5868.78,5850.78,6089.3,5858.18,5850.12,5902.74,5945.4,6032.92,6127.08,6175.96,6207.72,6220.62,6317.62,6377.42,6551.46,6524.12,6500.32,6306.1,6379.56,6357.58,6372.08,6408.02,6395.26,6432.72,6667.14,6590.38,7061.22,6662.58,6606.94,6719.42,6640.22,6654.58,6889.32,6953.12,6872.76,7281.68,6936.34,7103.74,7358.02,7151.04,7242.52,7371.74,7374.84,7430.4,7886.56,7529.52,7722.24,7858.7,7695.32,7983.84,8199.42,8081.78,7949.02,,,,,,,,,,
272,134,18,FINANCE     ,1983,1,2853.12,2859.5,2977.2,3022.68,3043.96,3112.98,3106.28,3204.84,3347.96,3119.28,3200.86,3273.88,3261.62,3170.7,3190.16,3458.74,3351.32,3309.3,3342.26,3412.96,3408.66,3248.34,3424.32,3481.04,3311.7,3413.14,3444.7,3691.9,3471.14,3580.26,3526.96,3605.04,3610.36,3563.06,3598.12,3905.92,3786.64,3703.44,3723.7,3865.18,3822.22,3864.42,3863.02,3903.16,4046.7,3983.92,4115.5,4485.7,4245.82,4068.68,4219.12,4650.24,4334.82,4471.36,4357.22,4318.74,4435.06,4588.56,4600.44,4720.92,4531.26,4510.52,4550.08,4880.12,4677.72,4797.34,4721.5,4677.64,4872.14,4767.4,4876.06,5018.9,4828.26,4615.9,4768.7,5149.96,4685.72,4781.18,4524.6,4503.84,4574.08,4528.82,4610.32,4739.82,4520.92,5156.58,4577.88,4642.48,4709.5,4781.28,4811.22,4889,4861.64,4917.02,5045.58,5240.04,5169.42,5201.8,5001.38,5036.96,5099.7,5136.26,5172.72,5239.82,5290.56,5481.22,5439.84,5787.88,5449.62,5430.72,5480.26,5496.6,5547.08,5674.58,5641.38,5763.6,6074.48,5778.34,6033.76,6244.68,6050.62,6152.3,6240.74,6222.66,6300.48,6717.38,6407.6,6552.58,6728.44,6545.92,6828.14,7016.64,6964.72,6865.6,,,,,,,,,,
273,134,18,FINANCE     ,1983,1,2647.36,2711.22,2733.02,2831,2823.6,2833.46,2885.1,2929.78,3108.46,2921.92,2988.78,3038.84,3005.08,2816.94,3016.28,3242.68,3097.38,3057.18,3014.1,3063.66,3100.36,2964.4,3155.4,3217,3091.1,3192.64,3219.66,3478.26,3284.9,3382.2,3341.9,3402.18,3394.04,3374.1,3383.36,3626.54,3579.84,3530.72,3532.4,3636.68,3639.84,3676.98,3668.92,3718.74,3815.02,3799.9,3925.86,4226.32,4049.72,3883.56,3928.18,4377.66,4146.08,4246.12,4163.4,4144.76,4238.82,4352.28,4379.2,4451.02,4368.22,4337.82,4349.92,4079.42,4463.84,4552.72,4489,4455.9,4583.62,4512.76,4654.04,4768.44,4658.66,4589.98,4572.86,4643,4470.7,4635.34,4373.52,4348.18,4421.02,4363.52,4462.84,4567.34,4367.84,4382.64,4386.44,4489.36,4549.1,4627.66,4646.26,4728.68,4687.46,4755.26,4899.7,5042.06,4983.88,5028.08,4819.3,4889.86,4962.22,4968.92,5019.56,5099.18,5171.08,5353.5,5304.26,5636.62,5322.96,5308.46,5352.02,5358.9,5421.04,5537.66,5519.38,5643.06,5927.94,5657.54,5919.04,6049.48,5939.54,6029.8,6104.34,6107.62,6196.82,6563.98,6292.28,6435.5,6513.06,6431.06,6696.34,6884.04,6813.04,6766.58,,,,,,,,,,
274,134,18,FINANCE     ,1983,1,3528.48,3662.34,3648.9,3788.42,3700.22,3791.58,3789.56,3868.1,4160.68,3801.34,3905.34,3971.42,3989.14,3776.74,3902,4164.14,4047.38,4014.52,4083.88,4063.68,4143,3973.64,4113.42,4170.46,4012.48,4104.5,4152.06,4496.4,4202.9,4291.5,4478.28,4311,4763.28,4312.62,4343.64,4751.44,4570.24,4491,4536.76,4700.3,4593.82,4624.12,4648.18,4695.24,4918,4787.18,4866.68,5347.18,5069.12,4869.7,5087.64,5471.8,5102.44,5310.96,5147.76,5054.72,5252.98,5400.96,5329.82,5511.32,5303.48,5213.86,5301.44,5679.58,5399.78,5548.84,5508.16,5491.84,5703.7,5586.62,5712.76,5873.48,5735.42,5691.64,5632.7,6076.14,5731.02,5916.32,5664.74,5650.3,5812.14,5868.78,5850.78,6089.3,5858.18,5850.12,5902.74,5945.4,6032.92,6127.08,6175.96,6207.72,6220.62,6317.62,6377.42,6551.46,6524.12,6500.32,6306.1,6379.56,6357.58,6372.08,6408.02,6395.26,6432.72,6667.14,6590.38,7061.22,6662.58,6606.94,6719.42,6640.22,6654.58,6889.32,6953.12,6872.76,7281.68,6936.34,7103.74,7358.02,7151.04,7242.52,7371.74,7374.84,7430.4,7886.56,7529.52,7722.24,7858.7,7695.32,7983.84,8199.42,8081.78,7949.02,,,,,,,,,,
275,134,18,FINANCE     ,1983,1,2627.5,2916,2810,3232.1,2605.4,2750.8,2778.1,3060.8,4459.3,2611.2,2544.3,2612.3,2966.1,2030.6,2663.4,3711.3,2725.2,2531.8,2585.1,2741.7,3271.8,2412.2,2810.7,2825.2,2601.1,2919.3,3066,4193.9,2616.3,3115.5,3738.3,2993.3,5480.6,2928.7,2706.2,3950.3,4044.1,3506.3,3759.3,4173.3,3808.3,3588.7,3517.9,3636.4,4531.3,4023.9,4147.5,5689.9,5101.3,4135.5,4639.4,6571.3,4521.9,5065.2,4540.9,4183.3,4902.2,5279.8,4617.7,4836.8,4628.4,4295.4,4215,5848.1,4235.4,4617.6,4446.4,4288.1,5275.7,4654.7,4585.9,4889.8,4824.5,4412.6,4258.7,6175.3,3979.4,5003.8,4025.8,3911.4,4634.8,4601.8,4339.5,4643,4323,4114.3,4156.5,4203.6,3913.2,4242.9,4154.6,4060,4220.6,4422.6,4333.1,4822.8,4816.5,4650.5,3540.5,3633,3326.3,3446,3422.8,3120,3600,4406.1,3412.9,4978.3,4059.5,3665.9,3695.2,3296,2952.7,3683.9,4027,3620.6,5309.4,3448.4,3784.1,4014.8,3763.2,3903.4,4191.7,3836.5,3727.9,5669.3,3706.2,4036.8,4803,3916.9,4327.7,5054.3,5228.5,4124.4,,,,,,,,,,
276,134,18,FINANCE     ,1983,1,4536.6,4493.6,4683.8,4638.6,4113.4,3600.8,4609.2,5140.4,4139.4,4045.4,4316.2,4289.2,4072.2,3266,4433.4,3943,4337.2,4050.4,4271,4546.6,4722.4,3948,5010.4,4363.6,3971.6,5018.4,5399.4,4392.4,4693.6,5447.2,5250.6,5133,5432.4,5423.8,4766,5726.2,4696,5864.8,6156.4,5883.2,6265.8,6388,6055,6914,7358.8,7393.2,7659.2,9621.4,6917.6,7426.6,8394.6,7029.8,7628.8,7220.4,7900.2,7498.2,7805.6,8637.4,8356.2,8356.8,7067.6,7940.2,7755.4,8344,7751.6,7136.2,7998.8,7573.6,7807.6,7948.2,8002.4,7869.4,7162,7397,7478.8,7593.6,6710.6,7476.2,6867.8,6384.8,6450.6,6470.2,7455.4,7665.4,5892.8,6762.2,7225.8,7215.2,6818.8,7267.2,6930.2,7118.4,6766.8,6909.2,7471.8,7731.6,3980.4,4421.8,4813.4,4416.2,5244.6,4440.4,5574.2,4792.4,5480.8,5102.6,5449.2,5882.6,5839,6137.6,5896,5560.2,4700.6,4548,5060.4,5884.4,5533,5867.8,6069.8,6415.8,5506.6,6617,6906.6,6115.8,6200,5544.8,6145,6386.2,5987,6484.6,7210.2,6990.2,6046.4,7158.8,,,,,,,,,,
277,134,18,FINANCE     ,1983,1,4070,4229.2,3775.2,3584.2,5248,4182.4,4119,4082.4,3639.8,4020.6,4089.6,4373.6,4143.2,4604,4336.4,3953.6,4591.6,4272.4,3911.2,3911.2,4306.2,4280.2,4270.6,4387.8,4282.8,4534,4400.6,4282.8,5135.8,4524,4875.6,4593.8,4447.8,4406.6,5148.2,6357.6,4503.2,4688.2,4682.2,5012.6,5505.4,4871.8,4909.6,5025.6,4946.8,4943.6,5712.4,6932.4,5201.8,5247,4873.6,4854.8,5626.4,4769.4,4713.2,4762.4,5333.2,4960.8,4708.8,5490,4650.4,4376,4397.2,4318.6,4207.4,4488.6,4520,4358.8,4142.4,4052.8,4413.4,4837.4,3882.6,4672,3790,3713.4,5199.2,4016.2,3849.2,3903.4,3901.2,3943.2,4209.8,4850.2,4256.6,4479.6,3914,3849.4,4768,3944,4002.2,3768,4330.8,4109,3983,5666.8,3783,3599,3796.8,3663.8,4572.8,3914.6,3604,3777.4,3848.6,4110.6,4500.6,4701.6,4026,4415.4,4200.8,4325.8,4991.8,4244.2,4146.2,4109.2,4367.8,4511.4,5150,5159,4421.6,4285.8,4094,4611.4,4401.2,4294.2,4516,4534.6,4480.4,4570,4740.6,4596.6,4543,4793,,,,,,,,,,
278,122,18,FINANCE     ,1984,1,3417.7,3505.4,3518,3556.6,3521,3444.4,3487.5,3476.5,3427.7,3558.7,3523.1,3702.4,3741.6,3812.6,3899.6,4069.4,3925,3954.1,4160.4,4149.5,4118.9,4233.1,4400.6,4671.9,4441.7,4509.5,4647.7,4761.8,4779.2,4850.5,5006.1,5168.3,5245,5445.4,5748.5,6489.2,6180.8,6232.4,6387.7,6499.7,6377.6,6315,6403.4,6510.7,6512.1,6482.6,6540.2,6695.3,6859,6907.8,7081.4,7203.4,7027.9,7074.2,7161.4,7352.6,7019.4,7130.8,7363.7,7538.4,7522.2,7596.9,7538.6,7760.4,7427.1,7182.4,7295.1,7345.9,7278.7,7479.4,7601.2,7923.8,8023.6,8117.7,8061.9,8358,8009.9,7905,7749.5,7747.8,8162.7,7936.7,7835.4,9113.8,8298.8,8441.3,8660.7,8831.1,8671.8,8727.2,8842.5,9000.2,8971.6,9175.1,9618.8,10175.7,9945.3,10050.3,10238.3,10146.6,10177.5,10071.1,10218.8,10331.8,10631.6,11051.5,11374.4,12081.6,11417.7,11444.3,11919,11497.4,11641.1,11853.9,11674.9,11788.6,11709.8,11796.4,12106.2,13036.6,12089.7,12170.5,,,,,,,,,,,,,,,,,,,,,,
279,134,18,FINANCE     ,1983,1,4265.4,4255.6,4250.74,4198.63,4215.94,4245.21,4262.34,4291.3,4280,4329.88,4372.35,4399.83,4313.83,4342.25,4385.73,4365.25,4508.08,4554.34,4578.32,4604.97,4644.22,4687.26,4709.81,4790.68,4853.21,4885.96,4907.77,4908.05,4939.45,4961.95,4987.38,5007.67,5032.72,5048.78,5063.89,5177.04,5195.18,5212.87,5214.09,5178.04,5200.46,5204.89,5232.75,5271.01,5275.2,5269.72,5288.8,5378.65,5441.76,5473.43,5476.57,5453.62,5527.96,5551.37,5557.67,5550.81,5560.01,5638.2,5661.03,5651.56,5838.02,5880.98,5910.41,5895.99,5950.8,5996.05,6041.98,6100.14,6120.61,6165.75,6227.45,6240.38,6511.87,6574.94,6677.37,6674.28,6730.96,6747.35,6820.63,6868.27,6870.94,7001.38,7038.76,7040.6,7198.88,7249.33,7309.26,7303.16,7411.64,7419.32,7519.81,7527.05,7551.76,7552.1,7539.89,7977.01,7930.96,7983.14,7976.6,7915.41,7927.17,7882.63,7925.27,7914.41,7845.09,7800.87,7776.57,7880.04,7803.92,7789.47,7749.35,7712.21,7674.67,7582.96,7540.62,7492.81,7393.51,7365.95,7343.04,7281.82,7242.54,7237,7148.34,7144.58,7168.74,7051.78,7089.66,7068.65,6958.93,6966.35,6957.21,7097.78,7148.67,7144.25,,,,,,,,,,
280,134,18,FINANCE     ,1983,1,3892.91,3894.11,3899.93,3864.74,3912.28,3945.84,3982.34,4003.68,3993.66,4052.27,4089.64,4110.68,4008.39,4034.52,4069.86,4050.38,4172.76,4213.23,4246.48,4252.61,4280.04,4324.04,4345.67,4415.44,4480.08,4497.23,4518.31,4514.22,4540.67,4573.37,4598.37,4612.03,4633.19,4657.26,4680.97,4774.19,4784.33,4787.54,4794.4,4765.17,4781.89,4792.21,4835.33,4851.24,4855.76,4853.56,4878.27,4963.1,5025.46,5050.36,5060.18,5041.76,5096.83,5128.01,5156.83,5153.19,5153.4,5233.28,5256.62,5244.26,5436.84,5473.78,5508.14,5498.63,5540.66,5595.82,5646.18,5695.42,5721.38,5765.28,5830.97,5851.78,6095.88,6151.14,6255.88,6261.54,6317.88,6345.94,6427.08,6473.53,6485.06,6615.28,6659.07,6663.97,6809.88,6855.92,6915.72,6912.38,7021.69,7033.25,7150.8,7152.53,7191.44,7189.55,7179.88,7625.8,7572.67,7607.59,7602.65,7548.12,7547.06,7518.58,7571.46,7568.47,7509.59,7486.24,7466.42,7580.36,7492.84,7466.34,7443.72,7400.92,7359.92,7297.1,7267.14,7213.72,7137.47,7100.88,7074.78,7039.12,6994.68,6978.76,6923.31,6899.62,6905.35,6845.14,6849.65,6829.64,6738.84,6749.17,6741.45,6889.66,6925.33,6916.33,,,,,,,,,,
281,134,18,FINANCE     ,1983,1,5267.64,5270.75,5223.06,5197.29,5249.51,5261.33,5287.69,5302.22,5303.78,5416.26,5436.44,5531.28,5984.72,6142.24,6160.66,6262.88,6360.89,6417.25,6444.36,6441.85,6523.6,6662.26,6676.58,6872.65,6825.2,6896.18,6944.94,6992.72,7023.49,7119.78,7162.14,7169.26,7232.44,7271.15,7407.69,7609.96,7517.28,7567.88,7644.32,7741.77,7692.18,7713.64,7719.51,7753.88,7826.54,7819.7,8017.18,8375.05,8322.67,8247.26,8206.67,8338.3,8335.37,8325.28,8268.58,8305.76,8468.87,8528.44,8433.5,8472.82,8643.06,8618.2,8720.17,8813.89,8826.56,8929.48,8919.43,8981.16,8938.74,8977.21,9117.5,9186.98,9311.66,9424.97,9487.34,9484.93,9635.7,9638.11,9674.48,9717.06,9766.88,9860.18,9926.51,9940.6,10034.23,10068.34,10056.14,10075.76,10100.1,10118.32,10129.81,10170.24,10190.94,10205.46,10176.93,10720.19,10528.16,10487.48,10484.89,10474.74,10415.35,10393.47,10200.7,10151.62,10159.86,10083.3,10079.62,10270.27,10155.87,10136.44,10151.7,10148.95,9990.71,9960.78,9841.75,9833.04,9360.72,9893.42,9952.17,10071.49,9904.12,9883.83,9864.35,9892.9,9939.84,10077.54,10063,10029.81,10170.44,10167.84,10299.6,10603.1,10490.7,10473.94,,,,,,,,,,
282,134,18,FINANCE     ,1983,1,4409.5,4404.46,4369.52,4330.52,4328.4,4299.32,4342.78,4320.1,4305.74,4374.12,4387.1,4477.14,4537.38,4679.86,4759.86,4844.12,4940.96,5023.6,5011.68,4989.94,5029.64,5085.38,5103.96,5169.1,5127.88,5210.7,5262.28,5219.72,5217.26,5187.48,5220.06,5180.36,5206.08,5199.36,5247.22,5348.56,5241.92,5305.2,5317.28,5367.56,5307.94,5345.24,5267.48,5278.08,5276.36,5297.06,5416.82,5948.22,5796.62,5772.02,5758.36,5705.62,5738.98,5667.32,5547.28,5536.18,5662.24,5661.84,5671.3,5747.7,5742.52,5783.12,5858.1,5941.28,5961,5985,5961.46,5910.56,5904.6,5919.96,6004.44,6020.26,6090.4,6187.1,6208,6290.96,6348.58,6268.72,6386.82,6341.28,6295.66,6357.14,6379.66,6373.82,6399.08,6466.2,6460.38,6505.04,6455.08,6438.12,6392.6,6349.18,6378.18,6389.16,6349.46,6426.28,6338.6,6415.26,6392.02,6337.02,6247.08,6175.02,6050.18,5977.96,5945.5,5914.54,5886.36,5884.92,5773.92,5777.52,5783.26,5731.96,5678.8,5603.86,5529.34,5499.92,5571.88,5535.46,5616.16,5597.02,5539.68,5535.52,5549.44,5513.66,5517.64,5532.58,5408.94,5366.58,5425.32,5414.94,5447.92,5572.34,5576.38,5622.28,,,,,,,,,,
283,135,18,DEMOGRAPHIC ,1983,1,3612.4,3612,3615.4,3631.8,3652,3666,3688.6,3699,3730.8,3757.6,3780.2,3794.4,3813.2,3834.4,3852.6,3865.8,3874.4,3884,3896.8,3899.6,3892.4,3896,3893.4,3896.6,3894.4,3884,3878.6,3865.6,3857,3849.2,3840,3837.2,3824.8,3824.8,3821.6,3822,3821,3815.4,3807.8,3803.2,3797.2,3784.8,3776.6,3776.2,3775.8,3772,3772,3773.4,3770.4,3778,3779.8,3781.8,3784.8,3784,3795.2,3804.2,3814.4,3823.4,3836.6,3843.2,3841.4,3848.4,3852.2,3856.8,3859.2,3864.8,3866.2,3859.6,3860.2,3873,3883.8,3887.2,3898,3896.2,3897.6,3893.4,3890,3883.4,3875.8,3874.2,3862,3856.4,3856.4,3854.6,3831.8,3853,3849.6,3843.6,3836.2,3832,3822.8,3813.6,3800.8,3790.2,3757.2,3751.2,3736.4,3712.8,3699,3686.2,3685.2,3674.6,3672.8,3675.8,3668.6,3663.2,3654.2,3645.6,3630.2,3629.8,3627.4,3624.8,3621.8,3614.6,3614.6,3598.2,3589.8,3582.2,3583.4,3582.6,3587.2,3590.8,3587,3572.6,3565.4,3554.2,3552,3543.6,3539.6,3541.8,3547,3547.6,3553.8,3554.8,3557.2,,,,,,,,,
284,135,18,DEMOGRAPHIC ,1983,1,5212,5213.5,5217.5,5247.5,5287.5,5310,5356,5375,5434,5489,5534.5,5565,5601,5643.5,5680,5701.5,5723,5749,5777,5792,5790,5799,5798,5807,5808,5790,5784,5760,5748.5,5734.5,5714,5703.5,5679,5682.5,5675.5,5671,5670.5,5656.5,5641.5,5633,5619,5588.5,5576,5574,5565,5552.5,5548.5,5546.5,5540,5554.5,5554,5550.5,5554.5,5551.5,5553.5,5579.5,5597,5612.5,5630.5,5643.5,5633.5,5646.5,5653.5,5665.5,5667.5,5680,5693,5681.5,5685.5,5706,5725,5734,5753,5747.5,5743.5,5736,5725,5708,5688.5,5683.5,5659,5644,5640.5,5636,5578,5635.5,5627,5608,5597.5,5591,5572,5548,5521,5503.5,5436.5,5431.5,5402.5,5352.5,5327,5306,5301,5278,5274,5268.5,5253,5238.5,5217,5198,5164,5168,5162,5152,5143,5130,5118,5096,5082,5067.5,5071,5068,5076,5081.5,5072,5045,5023.5,5005.5,4998,4987,4987,4994,5006.5,5014,5030.5,5033.5,5037,,,,,,,,,
285,135,18,DEMOGRAPHIC ,1983,1,6210,6290,6330,6450,6570,6700,6790,6890,6980,7030,7080,7090,7110,7160,7200,7210,7200,7220,7190,7170,7170,7170,7170,7180,7150,7120,7100,7040,7080,7080,7090,7140,7130,7150,7140,7130,7170,7150,7150,7170,7200,7220,7180,7280,7310,7340,7360,7390,7390,7440,7460,7480,7520,7510,7550,7560,7600,7610,7660,7680,7710,7740,7710,7710,7680,7650,7630,7610,7600,7670,7690,7710,7730,7690,7630,7600,7570,7550,7510,7500,7450,7500,7520,7520,7550,7530,7540,7490,7440,7390,7350,7290,7230,7160,7050,6990,6920,6800,6750,6730,6750,6740,6750,6740,6730,6710,6710,6700,6700,6730,6750,6750,6740,6720,6710,6710,6710,6770,6810,6830,6830,6900,6900,6830,6780,6770,6780,6800,6830,6900,6940,6990,7050,7060,7030,,,,,,,,,
286,135,18,DEMOGRAPHIC ,1983,1,4270,4230,4290,4360,4420,4450,4530,4550,4600,4650,4690,4720,4770,4820,4850,4860,4860,4880,4860,4870,4860,4890,4930,4940,4950,4950,4970,4940,4900,4910,4890,4940,4910,4920,4930,4940,4940,4950,4960,4960,4960,4980,4960,4990,5000,5000,5000,5010,5020,5040,5060,5080,5120,5130,5170,5190,5210,5230,5250,5270,5290,5270,5260,5260,5270,5250,5260,5250,5250,5270,5280,5280,5280,5290,5300,5310,5270,5260,5270,5210,5200,5170,5180,5180,5170,5170,5170,5130,5120,5090,5060,5040,5010,4980,4890,4870,4840,4740,4720,4730,4760,4750,4720,4740,4750,4740,4750,4740,4740,4720,4750,4770,4770,4780,4810,4770,4750,4750,4760,4770,4770,4800,4800,4800,4820,4810,4820,4790,4790,4800,4820,4850,4870,4860,4870,,,,,,,,,
287,135,18,DEMOGRAPHIC ,1983,1,5280,5280,5280,5330,5360,5380,5410,5450,5490,5530,5550,5550,5540,5650,5630,5620,5620,5630,5630,5610,5610,5620,5620,5640,5620,5590,5600,5570,5560,5550,5560,5570,5560,5570,5560,5560,5570,5580,5550,5560,5570,5560,5530,5530,5530,5510,5490,5510,5510,5540,5510,5510,5520,5510,5520,5540,5540,5580,5600,5640,5610,5630,5660,5670,5670,5680,5700,5680,5660,5690,5700,5720,5720,5710,5720,5710,5700,5690,5680,5670,5630,5650,5670,5660,5690,5680,5680,5630,5620,5590,5540,5520,5490,5480,5430,5410,5340,5290,5250,5230,5200,5190,5190,5200,5180,5200,5160,5150,5120,5100,5120,5130,5140,5140,5130,5120,5120,5110,5110,5110,5100,5150,5130,5110,5120,5110,5110,5110,5120,5130,5130,5140,5170,5160,5180,,,,,,,,,
288,134,18,DEMOGRAPHIC ,1983,1,3440,3700,3500,2940,2550,2620,2410,2650,2600,3050,2820,2690,2700,2430,2200,2020,1860,1790,1800,1880,1940,2070,2120,2230,2390,2250,2080,1940,1700,1660,1640,1650,1710,1880,1990,2260,2230,2140,2020,1930,1710,1870,2070,2090,2040,1740,1650,1830,1890,1990,2020,1990,1870,1940,1830,1810,1630,1390,1350,1550,1730,1860,1860,1890,2180,2560,2280,2020,1420,1250,1270,1350,1660,1650,1540,1480,1420,1410,1390,1470,1370,1470,1520,1560,1900,1910,1920,1940,1900,1730,1710,1660,1720,1830,1820,1860,2040,1820,1660,1600,1460,1630,1960,2250,2520,2780,2760,4120,5290,5870,5880,5590,5340,5590,5660,6120,6540,6530,6750,7010,6820,6850,6590,5690,5180,5400,4860,5020,4700,4530,4640,4370,4680,4460,,,,,,,,,,
289,134,18,DEMOGRAPHIC ,1983,1,3360,3600,3880,2940,2580,2700,2420,2800,2700,2800,3000,2940,2880,2480,2340,2040,2080,1860,1880,2080,1900,2320,2320,2340,2800,2280,2220,2100,1980,1700,1920,1880,1820,2180,2180,2540,2760,2280,2220,2200,1960,2000,2440,2340,2380,2100,1660,2120,2140,2100,2220,2300,2080,2280,2240,2020,1940,1640,1440,1820,1880,2060,2220,1960,2360,3100,2620,2580,1640,1340,1380,1500,1880,1760,1880,1560,1700,1680,1600,1780,1560,1700,1780,1800,2340,2080,2320,2080,2440,2120,2080,2060,1900,2300,2280,2240,2620,2080,1980,1940,1780,1760,2420,2820,3080,3680,3480,5520,7860,7920,8580,8260,7600,8260,8780,8860,9940,10280,10280,11760,10480,10100,10920,9000,7700,8260,7400,7500,7040,6540,7020,7140,6900,6340,,,,,,,,,,
290,134,18,DEMOGRAPHIC ,1983,1,6285.5,6314.5,6290,6336.5,6279,6384,6438.5,6400,6307,6610,6542,6569.5,6528.5,6548,6633,6645.5,6733,6784,6767.5,6843,6910.5,6868.5,6926.5,6887,6880,6910,6928.5,6935.5,6985,7081.5,7057.5,7158.5,7073,7203,7274,5910.5,7189,7231,7265.5,7310.5,7426.5,7314.5,7482,7439.5,7483,7400.5,7408,7418,7427.5,7495,7462,7535,7631.5,7696.5,7683,7724,7752,7664,7672,7693.5,7730,7742.5,7754.5,7781.5,7866,7945,7583,7889,7801,7870,7957,7918.5,7987.5,8007,7866,7931.5,8095.5,8131,8211.5,8251,8315.5,8335,8350,8359.5,8377.5,8380.5,8338.5,7914.5,8551,8583.5,8701,8693.5,8788,8724.5,8797.5,8803,8821,8797,8743.5,8736.5,8735,8933,9108,9134,9186,9145.5,9226.5,9189,9131,9289.5,9281,9245.5,9285,9371,9489.5,9564.5,9726,9752,9828,9736,9811.5,9892.5,9861,9754,9778.5,9808.5,9788.5,9792.5,9754,9769,9872,9825,9812,9868.5,,,,,,,,,,
291,72,18,DEMOGRAPHIC ,1972,1,6100,5900,6100,5900,6000,5500,5800,5800,5600,5600,5200,5300,5100,5100,4900,4900,4900,4700,4700,4700,4800,4500,4900,5100,5300,5400,5100,5300,5200,5400,5400,5500,6000,6100,6800,7700,8700,8800,9300,9800,10100,9600,9200,9100,9100,9100,8900,8800,8100,8000,7700,7600,7600,7800,8000,8200,8000,8100,8300,8100,7400,7600,7400,7000,7100,6900,6800,7000,6900,7100,6900,6300,,,,,,,,,,,,,,,,,,,,,,,,,,,,,,,,,,,,,,,,,,,,,,,,,,,,,,,,,,,,,,,,,,,,,,,,
292,72,18,DEMOGRAPHIC ,1972,1,4900,5150,4900,5300,6250,4750,5450,5800,4600,5300,4850,5000,4500,4350,4250,4700,4500,3950,4800,4100,4950,4550,4800,4200,4550,3950,4200,5150,4800,5100,5300,5550,6200,6100,6950,7500,7500,7950,9050,9650,10900,10500,10400,9950,9600,8950,8650,8100,7700,7750,8000,7650,7050,8500,8850,8550,7900,7450,7700,6950,7450,7600,7100,6000,6500,6300,6050,5750,5200,6100,5650,5250,,,,,,,,,,,,,,,,,,,,,,,,,,,,,,,,,,,,,,,,,,,,,,,,,,,,,,,,,,,,,,,,,,,,,,,,
293,72,18,DEMOGRAPHIC ,1972,1,3200,3000,3100,2900,3000,2800,2850,2700,2550,2500,2350,2350,2500,2250,2300,2150,2250,2200,1900,2050,2100,1850,2100,2150,2550,2650,2600,2500,2350,2600,2550,2700,2900,3100,3650,4300,5250,5500,5700,6100,6150,6000,5550,5250,5300,5100,4950,4700,4050,4000,3650,3800,3650,3800,3900,4100,4000,4100,4150,4250,3450,3550,3300,3350,3100,3150,3350,3500,3600,3500,3400,2900,,,,,,,,,,,,,,,,,,,,,,,,,,,,,,,,,,,,,,,,,,,,,,,,,,,,,,,,,,,,,,,,,,,,,,,,
294,132,18,DEMOGRAPHIC ,1959,1,6930,6770,4770,5700,5450,4940,4440,4140,3830,3680,3500,3380,3230,3290,2140,2770,2640,2570,2420,2320,2230,2190,2020,2020,1990,1840,1360,1860,1870,1830,1830,1900,1810,1710,1610,1620,1110,1570,1610,1620,1560,1540,1560,1530,1510,1520,1630,1600,2400,2940,1700,1710,1740,1750,1720,1700,1700,1680,1620,1770,1720,1740,1780,1720,1740,1710,1680,1650,1610,1610,1530,1470,1500,1660,1570,1460,1440,1430,1390,1360,1350,1320,1420,1330,1450,1360,1060,1350,1420,1480,1580,1670,1780,2060,2560,2840,3410,3920,4490,5400,5980,5870,5840,5630,5350,5080,4630,4050,3740,3450,3590,3500,3430,3310,3140,2930,2730,2530,2280,2060,2050,2200,1900,1630,1590,1610,1670,1620,1570,1510,1370,1480,,,,,,,,,,,,
295,132,18,DEMOGRAPHIC ,1959,1,2410,2470,2490,2660,2800,2920,3000,3060,3190,3300,3510,3690,3950,4050,4790,4470,4730,4760,4870,4960,4960,5130,5200,5250,5410,5680,5610,5600,5440,5380,5330,5520,5540,5610,5690,5720,6110,5880,5780,5770,5860,5800,5740,5640,5580,5550,5500,5550,5380,5130,5500,5510,5470,5480,5540,5500,5720,5750,5790,5750,5870,6090,6010,6020,5990,6100,6100,6160,6200,6230,6300,6290,6480,6370,6500,6510,6540,6490,6610,6560,6500,6560,6390,6450,6330,6250,6110,5850,5740,5600,5420,5210,4810,4340,3830,3890,3510,3150,2960,2840,2710,2610,2590,2760,2850,3100,3400,3770,3940,4040,4070,4300,4590,4800,5060,5300,5570,5840,6050,6320,6550,6690,7170,7460,7610,7710,7740,7750,7810,7910,8060,8210,,,,,,,,,,,,
296,132,18,DEMOGRAPHIC ,1959,1,6670,6530,5910,5680,5180,4500,4290,4610,4380,4520,4640,4550,4980,4880,4490,4270,3730,3350,3210,3500,3330,3570,3850,4000,4580,4290,3870,3750,3350,2990,2930,3410,3530,4010,4230,4270,5030,4950,4820,4790,4610,4320,4350,4990,4980,5330,5790,6030,8610,9330,7470,6450,5920,5160,4850,5370,5200,5070,5080,4950,5400,5030,4620,4480,4040,3540,3490,3990,3700,3760,3770,3770,4090,4020,4060,3740,3420,3050,3100,3690,3440,3450,3490,3640,3830,3710,3440,3370,3090,2920,2940,3460,3700,4680,5770,6020,6410,6440,6110,6100,5820,5350,5350,5920,5940,5990,6190,6210,6710,6580,6260,6150,5860,5530,5510,5980,5830,5860,5990,5900,6360,6330,6290,5950,5600,5340,5510,6060,5970,6080,6080,6100,,,,,,,,,,,,
297,132,18,DEMOGRAPHIC ,1959,1,5310,5400,4960,4720,4380,3830,3670,3720,3740,3990,4150,4060,4320,4260,3990,3670,3290,2950,2770,2810,2850,3090,3260,3210,3510,3390,3210,3120,2800,2540,2450,2650,2760,3180,3460,3530,4070,4080,4080,4030,3890,3680,3710,3920,4070,4560,4980,5200,6050,6470,6280,5530,5060,4540,4240,4310,4300,4480,4560,4470,4710,4510,4130,3940,3570,3150,3030,3140,3150,3320,3380,3370,3630,3560,3410,3130,2970,2690,2640,2790,2870,3030,3130,3180,3360,3270,3050,2920,2690,2520,2520,2740,3070,3670,4360,4650,5230,5350,5230,5170,4930,4640,4640,4930,5030,5220,5480,5560,5960,5930,5700,5580,5320,5040,4970,5170,5140,5320,5410,5380,5800,5740,5640,5420,5060,4810,4940,5170,5190,5350,5480,5630,,,,,,,,,,,,
298,96,18,DEMOGRAPHIC ,1964,1,2600,2450,2790,2910,3470,3310,3600,3750,3480,3550,3340,3290,2900,2470,3130,3240,3390,3500,3640,3650,3440,3390,3390,3640,2700,2630,2980,3260,3510,3440,3570,3360,3190,3510,3340,3760,2750,2720,3020,2860,3410,3090,3470,3370,3360,3100,2890,2970,2390,2470,2750,2670,2870,3030,3130,3210,3120,3140,3080,3060,2760,2340,2500,2600,3100,2930,3170,3200,3000,3180,3360,3160,2690,2660,2760,2710,2980,2910,3260,3160,3110,3320,3360,3400,2840,2550,2660,2620,2930,2880,3120,3190,2850,3220,3170,3180,,,,,,,,,,,,,,,,,,,,,,,,,,,,,,,,,,,,,,,,,,,,,,,,
299,138,18,DEMOGRAPHIC ,1985,1,5736.25,5743.8,5766.4,5766.55,5761.7,5748.25,5766,5764.55,5795.25,5807.25,5806.75,5817.7,5834.1,5844.1,5861,5865.8,5876.4,5904.2,5906.45,5907.5,5919.75,5925.8,5931.7,5930.55,5942.25,5956.1,5963.5,5966.8,6000.4,5982.2,5995.1,6015.9,6000.55,6025.45,6027,6036.45,6048.45,6057.8,6045.65,6062.55,6053.55,6073.65,6083.25,6106.25,6098,6110.3,6131.85,6131.1,6169.5,6156.75,6161.35,6178.25,6173.7,6199.75,6198.35,6208.3,6197.2,6210.55,6231.85,6224.85,6291.65,6285.5,6290.05,6282.45,6294.65,6278.65,6286.6,6299.5,6294.6,6299.75,6303.5,6307.1,6297.75,6301,6311.9,6327.4,6308.8,6316.55,6307.7,6307.5,6332.5,6332.1,6335.05,6333.2,6363.05,6360.35,6380.2,6392.05,6405.95,6422.95,6428.15,6430.65,6425.05,6401.3,6422.05,6427.7,6420,6422.9,6429.9,6429.2,6463.2,6470.55,6469.85,6480.95,6463.4,6478.65,6485.55,6497.05,6533.6,6532.05,6530.25,6530.65,6544,6529.4,6534,6561.85,6567.65,6580.6,6589.15,6588.65,6608.5,6603.9,6619.55,6626.45,6602.9,6598.1,6617.1,6614.9,6625.05,6623.65,6623.55,6617.6,6645.15,6650.9,6682.75,6668.05,6695.5,6683.45,,,,,,
300,138,18,DEMOGRAPHIC ,1985,1,5315.1,5327.75,5349.45,5346.8,5346.6,5325.25,5340.35,5354.75,5382.85,5392.35,5400.35,5410.8,5444.35,5424,5441.85,5447.6,5454.45,5478.8,5490.5,5500.75,5504.25,5513.65,5523.75,5536.4,5547.65,5562.85,5570.4,5589.7,5621.7,5612.3,5631.7,5652.85,5645.45,5664.1,5675.25,5689.65,5700.8,5711.35,5701.85,5732.5,5714.6,5746.35,5753,5764.1,5767.8,5781.9,5805,5805.2,5835.4,5838.8,5851.1,5854.85,5854.95,5870.9,5873.6,5882.75,5867.7,5879.05,5895.6,5891.5,5954.05,5952.95,5960.15,5942.6,5957.55,5949.15,5940.5,5940.1,5926.2,5926.8,5915.3,5912.05,5897,5887.75,5882.6,5905.45,5872,5881.95,5878.4,5874.2,5896.4,5890,5888.5,5873.3,5898.9,5887.65,5907.2,5921.3,5918.75,5920.95,5935.65,5941.3,5936,5931.4,5943.8,5949.85,5953.75,5963.75,5977.1,5973.7,6005.75,6014.5,6023.35,6042.8,6027.7,6041.15,6058.45,6073.2,6096.1,6103.3,6101.55,6115.15,6146.25,6134.3,6136.65,6168.05,6182.8,6204.3,6220.85,6229.75,6233.55,6244.05,6255.3,6248.65,6229.9,6228.3,6241.6,6242.95,6251.8,6262.2,6253.1,6249.05,6261.3,6283.15,6307.55,6304.75,6323.1,6330.5,,,,,,
301,138,18,DEMOGRAPHIC ,1985,1,8423,8321,8339,8395,8302,8460,8513,8196,8248,8298,8128,8138,7795,8402,8383,8364,8439,8508,8319,8135,8310,8243,8159,7883,7892,7865,7862,7542,7574,7398,7268,7261,7102,7227,7035,6936,6953,6929,6876,6601,6779,6546,6605,6843,6604,6568,6537,6518,6682,6359,6205,6468,6375,6577,6495,6511,6590,6630,6725,6667,6752,6651,6598,6797,6742,6590,6922,7188,7368,7459,7764,7901,8015,8265,8586,8439,8736,8692,8586,8666,8722,8842,8931,9198,9283,9454,9460,9415,9744,10040,9850,9787,9781,9398,9565,9557,9325,9183,9056,9110,9149,9121,8930,8763,8714,8750,8542,8477,8750,8575,8574,8310,7955,7902,7947,7876,7697,7526,7366,7178,7499,7197,7285,7556,7460,7396,7510,7439,7465,7229,7409,7371,7677,7355,7504,7266,7448,7060,,,,,,
302,138,18,DEMOGRAPHIC ,1985,1,4812.45,4819.85,4836.7,4844.8,4858.15,4864,4873.25,4884.8,4893.9,4904.9,4914.3,4925,4929.95,4935.9,4939.8,4948.7,4954.8,4948.65,4963.8,4971.75,4987.35,4999,5007.25,5019.7,5027.15,5038.6,5050.25,5068.35,5078.2,5085.65,5102.35,5113.3,5121.5,5149,5160,5177.2,5180.35,5202.95,5216.05,5227.6,5240.2,5256.8,5271.4,5278.3,5291.2,5304.35,5318.5,5334.95,5349.55,5362.15,5372.35,5382.7,5386.85,5392,5398.25,5401.2,5409.85,5415,5429.15,5434.9,5447.2,5463.45,5473.55,5475.5,5489.25,5493.9,5486.65,5477.7,5473.4,5465,5454.9,5448.95,5437.8,5424.9,5416.95,5407.35,5406.9,5410.45,5406.95,5410.75,5410.6,5411,5406.15,5406.9,5405.25,5403.85,5406.2,5414.4,5424.9,5426.75,5430.45,5436.9,5439.1,5447.4,5455.95,5463.95,5476.2,5492.2,5488.3,5503.3,5520.5,5527.85,5539.8,5550.55,5561.95,5578.75,5591.2,5605,5615.1,5628.55,5650.05,5666,5686.55,5700.4,5718.7,5735.5,5749.25,5762.7,5783.25,5795.65,5812.5,5825.1,5835.05,5843.05,5845.35,5855,5860.05,5874.95,5881.15,5887.45,5894.95,5906.8,5903.5,5928.95,5936.85,5946.4,5964.65,5976.6,,,,,,
303,138,18,DEMOGRAPHIC ,1985,1,4240,4250,4250,4260,4255,4270,4260,4265,4335,4320,4335,4360,4360,4370,4370,4360,4360,4360,4350,4350,4405,4410,4435,4430,4450,4460,4455,4460,4465,4455,4450,4470,4525,4540,4565,4565,4585,4580,4580,4605,4620,4610,4620,4615,4695,4720,4725,4725,4765,4770,4775,4805,4790,4790,4815,4805,4885,4905,4905,4915,4930,4950,4960,4980,4980,4985,4995,4990,5070,5070,5075,5085,5110,5105,5115,5140,5145,5145,5140,5145,5220,5210,5220,5235,5240,5255,5260,5265,5265,5255,5255,5275,5325,5335,5355,5345,5380,5380,5395,5395,5410,5380,5380,5390,5455,5470,5480,5485,5530,5530,5520,5535,5545,5515,5525,5520,5605,5635,5630,5635,5675,5675,5670,5695,5680,5670,5695,5685,5775,5800,5795,5805,5855,5845,5845,5875,5865,5875,,,,,,
