Series,N,NF,Category,Starting Year,Starting Quarter,1,2,3,4,5,6,7,8,9,10,11,12,13,14,15,16,17,18,19,20,21,22,23,24,25,26,27,28,29,30,31,32,33,34,35,36,37,38,39,40,41,42,43,44,45,46,47,48,49,50,51,52,53,54,55,56,57,58,59,60,61,62,63,64,65,66,67,68,69,70,71,72
102,44,8,MICRO       ,1984,1,3142.63,3190.75,3178.69,3170.94,3124.38,3170,3200.94,3176.75,3170.44,3268.67,3198.25,3383.35,3389.78,3368.6,3383.7,4950.95,5086.1,5203.95,5302.75,5268.75,5406.85,5472.5,5656.4,5770.3,5677.2,5725.85,5742,5706.6,5591.95,5605.15,5630,5589.2,5551.25,5592.15,5481.6,5511.55,5531.5,5670.6,5730,5798.45,5809.05,5707.05,5661.75,6176.6,,,,,,,,,,,,,,,,,,,,,,,,,,,,
103,44,8,MICRO       ,1984,1,1522,1537.8,1602.6,1697,1718.8,1746.6,1787.2,1849.2,2032.6,2084.8,2163,2213.6,2298.2,2314.2,2440.8,2513.2,2492.6,2569.4,2573.6,2521.6,2598.6,2579.4,2580.8,2655.6,2758.2,2778.8,2801.6,2918.2,3014.6,3039.8,3223.6,3156.8,3342.2,3404.4,3638.4,3629.4,3799.2,3972.6,4078.2,4090,4240.2,4320.8,4268.4,4292.6,,,,,,,,,,,,,,,,,,,,,,,,,,,,
104,46,8,MICRO       ,1983,3,1549.72,1615.08,1620.33,1634.41,1675.18,1675.56,1758.63,1813.42,1781.78,1777.58,1861.23,1892.73,1855.28,2476.07,2557.42,2671.19,2676.97,2701.72,2804.13,2874.18,2888.41,2908.03,3045.86,3241.99,3329.31,3276.79,3516.1,3613.5,3619.21,3663.33,3891.86,4205.34,4235.5,4541.31,4863.54,5080.75,5326.9,5383.65,5405.5,5935.5,5864.65,5800.1,5853.55,5948,5970,5692,,,,,,,,,,,,,,,,,,,,,,,,,,
105,44,8,MICRO       ,1984,1,2182.6,2189.8,2136.7,2155.6,2141.8,2267.34,2308.44,2428.4,2443.7,2519.86,2585,2580.4,2593.5,2730.16,2772.74,2890.2,4181.36,4341.4,4391.8,4592.8,4651.6,4671.4,4737.4,4730.4,4604.6,4663.8,4767.6,4825,4808,4840,4958,4834,4904.6,5014,5023.2,4068.2,4713,4201,4085.8,4065,3940.2,3686.8,3816.6,2993.6,,,,,,,,,,,,,,,,,,,,,,,,,,,,
106,44,8,MICRO       ,1984,1,875.51,917.23,999.89,1014.7,1010.2,1065.72,1090.13,1075.93,1095.09,1083.43,1053.22,1040.04,1037.43,1065.84,1086.51,1249.39,1238.08,1406.19,1698.22,1774.87,1775.79,1861.52,1874.01,1996.99,2039.72,2318.26,2558.82,2688.16,2735.26,2911.08,3032.97,3146.05,3252.58,3441.94,3671.11,4044.29,4536.47,4729.85,5230.25,5672,5963,6143,6636,6908,,,,,,,,,,,,,,,,,,,,,,,,,,,,
107,44,8,MICRO       ,1984,1,6143.7,6084.3,6009.4,5664.5,6087.9,5781.2,5674.6,4120.4,5971.7,5664.1,5465.7,1908.5,5560.5,5635.9,5443.4,5539,5695.1,5585.4,5556.1,5531.7,5691.9,5756.8,5586.9,5685.3,5777.6,5626.6,5682.1,6045,5998.1,5644.9,5617,5687.5,6026.6,5488,5854.4,5887.5,6216.3,6798.6,5744.1,6151.5,6159,6008.9,5912,5911.8,,,,,,,,,,,,,,,,,,,,,,,,,,,,
108,44,8,MICRO       ,1984,1,1821.6,2266.4,2309.4,2069,1595.9,3007.7,3240.4,2276.2,1870.3,3413.6,3886.7,2621.1,755.5,1882.8,3557.3,2368.3,1515,3159,4372.5,3365.6,3650.7,3699.4,4320.2,2719.8,2423.6,4336.7,4317.4,1573.5,1203.1,3141.8,3741.7,3225.5,3581.6,4808.1,5402.5,5428.7,5210.2,7082.5,8010.9,7058.6,7432.3,9233.6,9491.7,5680,,,,,,,,,,,,,,,,,,,,,,,,,,,,
109,45,8,MICRO       ,1983,4,1676.8,1027.2,1322.2,1358.8,1643.6,1340.8,1438.4,1533.6,1728,1760,1794.6,1716.4,2330.4,1876.2,2014.8,2169.4,2707.8,1978,1712,2796.2,3209.2,2740.4,2825.8,3346.2,3658.2,3990,4413.4,2808.2,4411.8,3927,4106.8,4991.4,4567.4,4204,4371.2,1804.2,4538.6,4471.2,4666,4654.4,4995,4945.2,4911.2,2606.4,8999.4,,,,,,,,,,,,,,,,,,,,,,,,,,,
110,44,8,MICRO       ,1984,1,3222.9,3014.4,3101.7,3031.5,3874.8,3778.2,3606.3,3915.9,4790.4,5016.6,3508.2,2073.3,3922.5,3702.9,3267.9,1322.7,4228.5,3509.1,2830.8,3172.2,4305.6,3672.6,3395.1,3248.1,7503,3903.3,3344.1,3272.1,5465.7,4272.6,3382.5,3481.5,4753.2,4485.3,3622.5,3812.7,5322.6,4702.2,4512.6,4545.6,6062.1,5540.7,5011.8,4716.3,,,,,,,,,,,,,,,,,,,,,,,,,,,,
111,46,8,MICRO       ,1983,3,5020,5100,3560,5180,5260,3220,5840,4120,4000,4760,2240,4340,4540,4260,3020,5200,6600,5680,6320,4720,7080,4760,5520,6000,6000,4260,4180,6480,4680,4440,3240,3560,4680,2620,3020,5720,5740,5400,4480,4700,4560,2320,3960,2100,6300,4860,,,,,,,,,,,,,,,,,,,,,,,,,,
112,44,8,MICRO       ,1984,1,2363,1644,1364,1719,2570,1663,1390,1504,2141,1799,1819,1802,2708,1980,2000,3428,2769,2076,1965,2092,2687,2017,1734,2135,2823,2112,2027,2124,2927,2228,2139,2414,2830,2157,2204,2018,2791,5001,2267,2412,3512,2568,2774,2227,,,,,,,,,,,,,,,,,,,,,,,,,,,,
113,44,8,MICRO       ,1984,1,5379.6,5044.3,4070.7,4160.2,6378.9,6852.4,6203.7,6634.6,757.8,2000,3729,5363.4,11851.2,4183.5,3636.1,2842.7,5634.5,5370.2,5593.2,5834.5,5990.2,6704.4,5298.5,5597.1,5839.3,6860,8055.7,8278.5,6933.1,7438.5,7929.4,7226.4,7139.4,8048.4,7982,6043.5,6825.1,7758.2,6760.8,3971.6,6185.1,6276.4,7777.6,6852.3,,,,,,,,,,,,,,,,,,,,,,,,,,,,
114,43,8,MICRO       ,1984,2,4512.4,4590.4,4992.4,5116.2,4972.4,4985.2,5390.6,3734,4824,4963.6,1821.4,3242.6,7296.4,4487.4,4720.4,4606.4,4905.8,5211,5120.8,2740.2,5323.2,5184.4,5002.8,5240,5540.4,5600.6,5595.2,5472.6,5879.4,5832,5822,4067,5958.2,5809.6,5714.4,5670.6,6454.2,6029.8,5788.2,5708.8,5787.4,5693.2,5510.8,,,,,,,,,,,,,,,,,,,,,,,,,,,,,
115,43,8,MICRO       ,1984,1,1272,1653,1569,1464,1755,1734,2100,1578,1329,1440,1365,2007,1551,1710,2211,1434,1980,2280,2049,1386,2355,2016,2235,7479,2475,2388,2148,1581,2343,2343,1938,2199,2205,2349,2148,1767,2415,2169,2541,2178,2568,2358,2997,,,,,,,,,,,,,,,,,,,,,,,,,,,,,
116,45,8,MICRO       ,1983,4,5931.3,6114.9,5600.7,5224.3,6041.2,6462.9,5791.7,5663.1,6373.7,6839.9,5769.4,5349.9,6146.2,6361.9,5443.6,5303.1,6565.5,6551.2,5692.8,5341.8,6764,7093.6,5561.4,5623,6835.5,6921.7,6110.4,4990.3,7358.6,7386.3,6136.2,5526.6,7096.7,6939.7,5568.5,5373.6,7417.8,7589.1,5865.6,5419.6,6661.8,6327.6,973.3,4773.8,7399.7,,,,,,,,,,,,,,,,,,,,,,,,,,,
117,44,8,MICRO       ,1984,1,2972.5,2357.9,1580.8,2065.7,4026.4,2895.9,1440,2669.8,4028.1,2097.6,1305.7,2202.1,3408.9,2061.1,1609.4,3452.2,3987.1,2765.6,2157,3439.4,3741.9,2537,1817.3,3240.6,3826.8,3141.1,2092.6,2884.6,3875.9,3231.8,1925.9,3229.8,3859.9,2883.1,2182.9,3627,5002.4,3053.1,2241.2,3816.3,4124.8,3063.3,2314.4,4165.1,,,,,,,,,,,,,,,,,,,,,,,,,,,,
118,59,8,INDUSTRY    ,1979,1,5396.86,4963.38,5445.73,5038.03,5412.13,4965.15,5706.96,5176.7,5426.78,5083.14,5852.19,5144.63,5454.9,4958.98,5538.78,5044.74,5252.57,4945.69,6064.6,5335.02,5830.26,5391.33,6111.81,5472.44,5869.92,5423.01,6173.75,5592.14,5896.64,5505.83,6383.46,5761.51,5960.74,5772.04,6743.55,5878.49,6385.87,5900.06,7065.42,6147.75,6487.65,6119.33,7087.73,6422.35,6573.97,6301.82,7366.24,6444.26,6619.34,6528.77,7530.53,6602.35,6750.31,6411.28,7390,6714.01,6894.95,6519.28,7745.22,,,,,,,,,,,,,
119,59,8,INDUSTRY    ,1979,1,6173.25,5891.5,6704.15,5967.25,6356.05,6135.7,7315.8,6398.55,6284.6,6175.85,7330.5,6293.95,6405.15,6112.9,7067.6,6262.25,6437.05,6318.2,7850.75,6674.05,7012.85,6814.35,8070.45,7006.5,7246.35,7213.55,8404.85,7428.5,7455.35,7517.45,8790.15,7685.3,7717.35,7946.4,9321.85,7936.65,8314.7,8219.35,9868.6,8356.35,8481.55,8540.1,10163.55,8780.15,8724.6,8818.6,10350.65,8896.9,8838.4,9224.25,10559.3,9106.1,8985.9,9102.15,10440.35,9272.3,9203.3,9260.6,10976.5,,,,,,,,,,,,,
120,71,8,INDUSTRY    ,1976,1,1586,1797.5,1978.5,1771,1819,2013,2228.5,2076.5,2113,2330,2615,2349,2458,2727.5,3201.5,3009,3186.5,3456.5,3850,3524,3586,3981,4107.5,3599.5,3512.5,3907.5,4166.5,3598.5,3562,4091,4548.5,4162,4230.5,4791.5,4964,4531.5,4505,5094,5262.5,4728,4588,4939,5424,4887,4970,5674,6174,5641,5687.5,6425,6798.5,6237,6384,6901.5,7115.5,6497,6759,7480,7827,7149,6436.5,7229,7830,7050,7293.5,7382,8013.5,7216.5,7518,8103,8621,
121,71,8,INDUSTRY    ,1976,1,1660,1885,1920,2025,1875,2035,2215,2470,2160,2465,2600,2710,2560,2675,2790,3030,2840,2995,3125,3200,2895,3230,3220,3330,2550,3030,3020,3130,2795,3060,3330,3815,3445,3520,3710,3700,3130,3230,3330,3725,6525,6880,7165,7550,7220,7905,8250,8755,8675,9170,9455,10085,10990,10690,6110,6720,6160,6500,6985,7520,6365,6580,7105,7490,6955,7280,7470,7890,7380,7700,8035,
122,71,8,INDUSTRY    ,1976,1,1460,1520,1480,2100,1580,1600,1540,3080,1780,1800,1720,2440,1880,2040,2300,3060,3000,3040,2920,3460,3180,3220,3260,3800,3420,3420,3280,4000,3240,3220,3060,3840,3420,3420,3280,3980,4380,4280,4220,4980,4140,3960,3840,4720,4220,4360,4420,5460,4880,4700,4480,5380,4740,4740,4500,5140,4620,4600,4560,5640,4580,4800,4340,5420,5640,5620,5580,6660,6480,5760,5600,
123,71,8,INDUSTRY    ,1976,1,2001.5,2055,2182,2152.5,2222.5,2325.5,2482,2478.5,2505.5,2629,2801.5,2827,2958,3104.5,3703.5,3733,3984.5,4229.5,4470,4259.5,4353.5,4650.5,4322,4602.5,4510,4555.5,4746.5,4590,4542,4738.5,5015.5,4819.5,4967,5585,5459,5435.5,5310,5592,5858,5811.5,6131.5,6051,6185.5,6056,6281.5,6595,7112,7178.5,7148,7449.5,7759.5,7747.5,8037,8243.5,8674.5,8756,9054,9197,9944,10750.5,9454,9471,9861,9685.5,9703,9957,10435.5,10202,10032.5,10175.5,10451.5,
124,71,8,INDUSTRY    ,1976,1,1549.5,1746.5,1869.5,1784,1795,1942.5,2100,2072.5,2075,2278,2451,2290.5,2388,2574.5,2939.5,2924,3087.5,3259.5,3474.5,3376,3496,3771.5,3743,3474.5,3405,3684.5,3804,3470.5,3453.5,3842,4156.5,4055,4133.5,4552,4588,4423.5,4462.5,4846,4869.5,4637,4841,5114.5,5374.5,5166.5,5236.5,5740.5,5992,5842,5844.5,6384.5,6487,6372,6583.5,6990,6874,6710,6924,7428.5,7415.5,7228.5,6734,7158.5,7192,7031,7186,7164.5,7370,7171,7547.5,7937,8051,
125,71,8,INDUSTRY    ,1976,1,1592.5,1622,1719.5,1727.5,1790,1847.5,1955.5,1989.5,2027,2103.5,2204,2250.5,2407,2444,2916.5,2994,3194,3291.5,3397,3318,3508,3699.5,3739.5,3668.5,3676.5,3640,3717.5,3942.5,3786.5,3869,3994.5,3943,4089.5,4243.5,4302,4271,4405,4509.5,4648,4743,5100,4940,4987,4935,5198.5,5350.5,5602,5780.5,5786.5,5916,6027.5,6121.5,6384,6411,6615,6819.5,7051.5,7033.5,7400,8005.5,7107.5,7044.5,7083.5,7143.5,7158.5,7280.5,7458.5,7513,7427,7497,7580,
126,35,8,INDUSTRY    ,1985,1,3282.5,3401.5,3625.5,3247.5,3365,3454,4277.5,4288,3573,4301.5,4461.5,4186,3256,3812.5,4092.5,4752,3760.5,4508,4374,3546.5,3765,4963.5,4764,4618.5,4199,5536.5,4913,4978,4997,4841,4740.5,5215.5,4475,4792.5,5398,,,,,,,,,,,,,,,,,,,,,,,,,,,,,,,,,,,,,
127,35,8,INDUSTRY    ,1985,1,4730,5055,4560,4610,4905,4785,5085,4725,5845,6180,5710,5740,6135,6450,6680,6620,6500,6515,6110,5855,5205,5920,5375,4815,4835,4825,4995,5165,5115,4765,5600,4890,4760,5030,4960,,,,,,,,,,,,,,,,,,,,,,,,,,,,,,,,,,,,,
128,35,8,INDUSTRY    ,1985,1,3344.8,3503.6,3457,3574,3583.2,3616.8,3746.4,3768,3878.8,3841.8,3922,4096.2,4159.2,4132.6,4012,4312.2,4336.4,3796.8,3826.2,3771,3883.8,4154.8,4282.6,4555.6,4057.4,3817.2,3650.6,3836,3732,3730.8,3754.4,3633,3730,4462.4,4422.8,,,,,,,,,,,,,,,,,,,,,,,,,,,,,,,,,,,,,
129,35,8,INDUSTRY    ,1985,1,6177,5902,6064,6028,6434,6431,6651,6720,7054,7159,7907,7956,7799,7732,8406,7648,7597,7898,7077,7472,8289,8400,9811,8746,8220,8307,8851,8592,8681,9018,9143,8819,7870,8146,8129,,,,,,,,,,,,,,,,,,,,,,,,,,,,,,,,,,,,,
130,35,8,INDUSTRY    ,1985,1,3968.5,3904.5,3764.5,3990,4107.5,4257,4271.5,4371.5,4330,4515.5,4514.5,4752.5,4613,4884,5271,5292.5,5466,5157.5,6271.5,6138.5,5145.5,5368,5036.5,5015.5,4708.5,5399,5196,5138,6493,6908.5,6884.5,5723,6109.5,6998,6306,,,,,,,,,,,,,,,,,,,,,,,,,,,,,,,,,,,,,
131,51,8,INDUSTRY    ,1981,1,11178,9853,11175,10580,8828,7507,6270,5509,5579,6451,6753,7025,7696,8227,7522,7115,7211,7601,7150,6689,7252,7156,5513,5618,5937,7073,7438,7589,7846,8112,8195,8251,8006,8194,8302,8181,7364,7449,7003,6859,5967,5706,6256,6117,5892,5850,5837,5831,5711,5885,5894,,,,,,,,,,,,,,,,,,,,,
132,51,8,INDUSTRY    ,1981,1,7586,4990,5198,6724,7455,7871,7969,8190,5781,4569,3875,3518,3153,2966,3441,3716,3471,3279,3217,2553,2319,2174,2141,2066,1853,1546,1436,1064,956,1140,1271,1583,1167,1264,1763,1919,1972,1929,1840,1918,2093,2003,2172,2107,2101,2027,2055,1883,1678,1683,1481,,,,,,,,,,,,,,,,,,,,,
133,51,8,INDUSTRY    ,1981,1,6564,4554,4805,6320,7015,7489,7639,7858,5469,4220,3577,3233,2848,2666,3146,3363,3077,2883,2831,2148,1898,1750,1747,1778,1557,1252,1177,846,769,942,1107,1420,1052,1136,1601,1703,1777,1734,1649,1674,1831,1720,1912,1856,1838,1755,1784,1616,1415,1401,1231,,,,,,,,,,,,,,,,,,,,,
134,51,8,INDUSTRY    ,1981,1,10220,4370,3940,4030,4400,3820,3300,3310,3120,3480,2980,2860,3060,3000,2950,3530,3930,3960,3860,4040,4210,4240,3940,2880,2950,2940,2590,2180,1880,1980,1640,1630,1150,1290,1620,2160,1950,1940,1910,2440,2630,2830,2600,2520,2630,2710,2710,2670,2630,2820,2500,,,,,,,,,,,,,,,,,,,,,
135,56,8,INDUSTRY    ,1980,1,6130,5910,4935,5310,4830,4805,4710,4935,4895,4805,4340,4935,5340,5260,5160,5200,5345,5155,4735,4775,5150,5010,4665,4775,5185,5515,5475,5645,5790,6085,6095,5890,6260,6275,5360,5260,5785,5960,5670,5530,6010,5635,5435,5240,5405,5740,5410,5465,5770,5860,5650,5720,5745,5715,5355,5195,,,,,,,,,,,,,,,,
136,40,8,INDUSTRY    ,1955,1,3850,4400,3200,4500,3550,4650,4250,4650,4400,5000,4550,4900,4550,5050,4600,4600,4400,5100,4750,5200,4500,5250,4950,5250,5000,5550,5250,5400,5100,5900,5550,5850,4500,6850,6300,6500,6300,7400,6700,7200,,,,,,,,,,,,,,,,,,,,,,,,,,,,,,,,
137,40,8,INDUSTRY    ,1955,1,4410,4500,3570,4710,4590,4650,3600,5010,5400,5340,4200,5430,5550,5550,4020,5220,4890,5100,3870,5970,6030,6270,4830,6210,6210,5580,4140,5790,6000,5910,4410,6630,6780,6540,4890,7170,7320,6660,4860,7710,,,,,,,,,,,,,,,,,,,,,,,,,,,,,,,,
138,48,8,INDUSTRY    ,1951,1,4950,5350,5200,5250,5650,5650,5300,5000,5900,6200,6950,6850,6850,6800,6500,6850,7100,7550,7750,6750,7850,8300,8200,7700,7750,7750,8200,8000,8200,8350,7800,6450,7950,8600,9000,9000,9150,9250,9500,9850,9800,9650,9250,7900,9850,7700,7750,7750,,,,,,,,,,,,,,,,,,,,,,,,
139,44,8,INDUSTRY    ,1958,1,2100,2100,2100,2400,2400,3000,3000,3900,3600,3900,4200,4200,3600,3600,3600,4200,3900,4800,4500,5100,4500,5400,4500,5100,4200,5400,6000,7500,6000,6600,7800,9000,8100,9600,8400,7800,6300,6900,6600,6900,5100,5700,5700,6000,,,,,,,,,,,,,,,,,,,,,,,,,,,,
140,44,8,INDUSTRY    ,1958,1,2800,3000,3000,2800,2400,3000,3400,3800,3200,3600,4000,4200,3200,3400,3200,3600,3000,3600,3600,4000,2800,3600,3800,4200,3600,4400,4800,6000,4400,5200,6000,6600,6000,7400,7800,9000,8000,8400,8400,8000,6400,7800,7000,8000,,,,,,,,,,,,,,,,,,,,,,,,,,,,
141,44,8,INDUSTRY    ,1958,1,2950,3150,2750,3300,2600,3100,3150,3650,2650,3450,3150,3900,2800,3500,3500,4000,3100,3450,3800,4000,2950,3500,3800,4350,3500,4200,4200,4950,3950,4600,4850,5700,4700,5400,5600,6400,5100,5850,5550,6750,5350,5850,6200,7000,,,,,,,,,,,,,,,,,,,,,,,,,,,,
142,68,8,INDUSTRY    ,1955,1,3090,3410,3390,3800,3860,4060,4020,4110,4130,3980,3830,3300,3600,3610,2670,3250,4160,4370,4450,4930,5190,4410,4000,3900,4520,5080,5090,4850,5180,5440,5690,5380,5830,6460,6130,6340,6710,7020,6830,7060,7290,7680,7690,7670,7800,7990,7430,7030,7100,7750,7170,7290,8320,8730,8060,8920,8910,9210,5360,7690,9490,9580,8940,9320,8800,9710,8990,9310,,,,
143,52,8,MACRO       ,1980,1,4105,4162.5,4416,4419,4529.5,4596,4770,4865,4811.5,4682.5,4466,4291,4071,4109.5,4147,4304,4403,4566,4598.5,4671,4871,4941,5198,4990,4926,4756.5,4825,4965,4840,4970.5,4970.5,5181,5277.5,5257.5,5367.5,5762,5953.5,6035.5,6039,5689.5,5764,5467,5450,5296,5118.5,4947.5,4817.5,4777.5,4730.5,4802.5,4713,4886.5,,,,,,,,,,,,,,,,,,,,
144,52,8,MACRO       ,1980,1,5332,5131,5107,5144.5,5232.5,5156,5088.5,4951,4813,4725.5,4673.5,4548.5,4574.5,4629,4700,4749.5,4710.5,4762.5,4690,4884,4917.5,4914,5122,5046.5,5072,5148,5262.5,5253,5194,5382,5379,5427.5,5515,5660.5,5811,5688.5,6299.5,5904,5756.5,6105,6334,6298,6390,6426,6558,6687,6717,6743.5,6724,6768.5,6793,6715.5,,,,,,,,,,,,,,,,,,,,
145,52,8,MACRO       ,1980,1,4405.5,4355.5,4594,4755.5,5014,5173.5,5060,4996,4826,4499,4293.5,4401,4378.5,4457.5,4512.5,4541.5,4545,4533.5,4603,4590.5,4723.5,4942.5,5130.5,5203.5,5312,5331.5,5270,5328.5,5467,5754,6067,6250.5,6270.5,6439.5,6612.5,6634.5,6836.5,6871.5,6823,6974.5,6965,6633,6513,6335,6215,6350,6386.5,6506.5,6353,6272,6375,6295.5,,,,,,,,,,,,,,,,,,,,
146,24,8,MACRO       ,1987,1,5736,5535,5633.5,5633.5,5453,5348,5176,5062.5,5276,5421.5,5448.5,5105.5,5424.5,5232,5208.5,5199.5,5129.5,5031,5003.5,5012,4897,4657.5,4369.5,4145,,,,,,,,,,,,,,,,,,,,,,,,,,,,,,,,,,,,,,,,,,,,,,,,
147,52,8,MACRO       ,1980,1,4362,4393.5,4812,4313,4602,4422.5,4631.5,4611.5,4542.5,4780,4820.5,4935.5,4708,5017,5076.5,5052.5,4846.5,4864,4899,4824.5,5049.5,5021.5,4821.5,5108,5003,4772,5112.5,5116.5,5167.5,5256.5,5230,5436,5594,5688,6017.5,6006,6137,6749.5,6837,6862.5,6794.5,6392,6032.5,6051.5,5660.5,5165.5,4850,4602.5,4583,4619.5,4311.5,3844.5,,,,,,,,,,,,,,,,,,,,
148,52,8,MACRO       ,1980,1,5437.5,5323.5,5273.5,5280,5290.5,5254,5171.5,5195.5,5170,5173,5152.5,5129,5086,4959.5,4933.5,4910.5,4892,4840.5,4798,4842,4849,4963,5088.5,5099.5,5066,5282.5,5249,5301,5286,5412,5533,5678,5787.5,5937.5,6082,6204,6390,6446,6458,6606,6687,6653,6675.5,6631,6578,6589.5,6582,6503.5,6523,6420.5,6383,6330,,,,,,,,,,,,,,,,,,,,
149,52,8,MACRO       ,1980,1,5580.5,5345.5,5261.5,5138.5,5205.5,5233.5,5082.5,4791.5,4797,4830.5,4758,4797,4741,4965,4987.5,5121.5,4875.5,4797,5099.5,5094,4713,5015.5,5099.5,5172,4976,5149.5,5211.5,5351,4870,5362.5,5407,5452,5306.5,5480,5569.5,5664.5,5860.5,5687,5872,6006,6403.5,6263.5,6403.5,6504.5,6907.5,6801,6801,6745,7142.5,6868,6739.5,6694.5,,,,,,,,,,,,,,,,,,,,
150,52,8,MACRO       ,1980,1,5262,5249,5208.5,5180,5199.5,5117.5,5016,4914,4921.5,4855.5,4770.5,4749.5,4800,4794.5,4788.5,4800,4934.5,4939,4984,5014.5,4904.5,4995,5091,5009,4997,5109,5141,5196,5235,5416,5360.5,5454.5,5664,5707,5760.5,5825,5949,5883.5,5981,6133,6264.5,6233,6198.5,6153,6117.5,6200,6326,6364.5,6262,6213.5,6139,6036,,,,,,,,,,,,,,,,,,,,
151,52,8,MACRO       ,1980,1,4443.5,4449,4451.5,4520.5,4595.5,4578,4603.5,4542,4531,4589,4596,4599.5,4529,4492,4565,4564,4639,4738,4779,4826,4852,4950.5,5048.5,5116,5105,5205.5,5287,5339.5,5430,5579.5,5816.5,6063.5,6274.5,6310,6481,6612,6868,6834.5,7088,7246,7381,7607,7719.5,7853.5,7921,7929.5,7846.5,7806,7840.5,7914.5,7773,7643.5,,,,,,,,,,,,,,,,,,,,
152,52,8,MACRO       ,1980,1,4164,4220.5,4271.5,4283.5,4494,4525.5,4595.5,4614.5,4794.5,4826,4856,4862,4992.5,4977,5007,5020,5281,5276.5,5277.5,5284.5,5468.5,5484.5,5447,5424.5,5592,5580.5,5542,5531,5630,5662,5606.5,5567,5692,5736,5691.5,5664.5,5808,5892.5,5829,5855,5993.5,6049.5,6009,6059,6175,6277,6225.5,6249,6440,6542.5,6470.5,6509.5,,,,,,,,,,,,,,,,,,,,
153,52,8,MACRO       ,1980,1,4375,4132,4223,4108,4728,4403.5,4477.5,4391,5100.5,4716.5,4805,4691.5,5231.5,4899,4981.5,4890.5,5504,5124,5222,5066.5,5776,5424.5,5498.5,5306,6017.5,5629.5,5776,5551,6288,5833.5,5929.5,5658.5,6351.5,5942,6110.5,5894,6718.5,6233,6335.5,6046,7014,6507,6613.5,6311.5,7435.5,6898,7011,6691,7779,7217,7335.5,7000.5,,,,,,,,,,,,,,,,,,,,
154,52,8,MACRO       ,1980,1,4176,4285,4287.5,4290,4437.5,4542.5,4583,4553,4762,4888.5,4879.5,4835,4929,5039.5,5027,4980,5065.5,5176,5164,5127.5,5226.5,5294.5,5289,5242,5361,5435.5,5425.5,5387.5,5476.5,5548,5559,5536,5609.5,5677,5668.5,5679,5658.5,5937,5850.5,5840.5,5894,6041,6034,6040,6060.5,6277.5,6280.5,6304,6218.5,6485.5,6439.5,6444,,,,,,,,,,,,,,,,,,,,
155,52,8,MACRO       ,1980,1,4454,4546,4503.5,4604.5,4700.5,4699,4773,4888.5,4933,4951,4935,4974.5,5028,4970,4921,5090,5250.5,5180.5,5205.5,5224,5410.5,5386,5379,5360,5416,5222,5245,5203,5284,5149,5205,5118,5363.5,5221,5322,5315.5,5522.5,5408.5,5438,5389.5,5645,5427.5,5451,5436.5,5663,5459,5482,5508.5,5787.5,5591.5,5570.5,5539.5,,,,,,,,,,,,,,,,,,,,
156,52,8,MACRO       ,1980,1,4442.5,4470.5,4489.5,4592.5,4845,4925.5,5101,4797.5,5012,4990,5120,4938.5,5041.5,4901,5072,4988,5183,5141.5,5292.5,5171.5,5499.5,5432.5,5472.5,5204,5346.5,5108.5,5109.5,4848,5007,4944,5044.5,4864.5,5041,4990,5142,5026,5244,5215.5,5301.5,5136.5,5354.5,5170,5281.5,5147,5442.5,5241.5,5341.5,5155,5493,5281,5258,5085,,,,,,,,,,,,,,,,,,,,
157,52,8,MACRO       ,1980,1,4243.5,4256.5,4271,4250.5,4589.5,4425.5,4503.5,4605,4826,4806,4786,4832,5027.5,5001.5,4950.5,5023.5,5310.5,5238,5205,5227,5441.5,5395,5372,5412.5,5667,5608,5612.5,5653.5,5871,5784,5729,5720.5,5945.5,5867,5826,5834.5,6081.5,6064,5967.5,6010.5,6129.5,6215.5,6239,6218,6295.5,6351,6536,6452,6569.5,6707,6818.5,6665.5,,,,,,,,,,,,,,,,,,,,
158,52,8,MACRO       ,1980,1,2536.7,2758.6,2659.22,2958.1,2772.08,3005.7,2846.48,3155.96,2914.52,3150.16,2946.02,3326.24,3000.2,3277.4,3123.86,3447.3,3176.46,3453.58,3276.16,3620.4,3370.54,3657.68,3482.88,3830.72,3567.56,3900.78,3721.3,4035.44,3764.62,4069.42,3818.86,4201.78,3842.14,4210.2,3950.98,4435.42,4062.24,4518.54,4204.9,4702.82,4344.02,4822.96,4559.28,5075.78,4763.44,5235.6,4926.54,5469.44,5093.8,5627.36,5216.94,5823.38,,,,,,,,,,,,,,,,,,,,
159,52,8,MACRO       ,1980,1,2056.15,2119.65,3092.85,2323.75,2003.35,1768.2,3007.5,2589.95,2159.85,2309.8,3502.1,2868.45,2346.35,2561.75,3663.45,3380.75,2810.3,2573.5,3885,3408.55,2736.45,2776,4302.05,3686.05,2996.95,3017.85,4353.4,3886.05,2891.9,3147.85,4651.9,4013.65,3481.05,3506.25,5085.3,4278.4,3821.2,3792.9,5070.3,4855.05,3875.25,4157.85,6049.45,5246.95,3645.45,3789,6515.4,5470.15,3733.5,4550.7,6830.35,5214.1,,,,,,,,,,,,,,,,,,,,
160,52,8,MACRO       ,1980,1,2745.9,2911.5,2965.7,2986.7,3019.6,3215.9,3300.6,3315.3,3328.8,3541.9,3599.2,3606.4,3547.1,3752.3,3811,3813.4,3759.2,3969,4038.4,4052.7,3983.3,4205.7,4279.4,4284.2,4195.5,4427.4,4489.5,4507.1,4363.9,4602.3,4704.3,4716.5,4600.8,4859.6,4951.1,4999.9,4862.8,5169.1,5258.7,5272.4,5176.9,5484.7,5587.8,5599.2,5565.2,5901.5,6001.3,6049.3,5965.2,6362.8,6432.7,6496.8,,,,,,,,,,,,,,,,,,,,
161,52,8,MACRO       ,1980,1,3233.7,3097.3,3216.8,3729.6,3447.7,3384.3,3494.7,3904.2,3605.2,3674.6,3751.1,4039.5,3885.9,3906.1,3965,4411.6,4325.1,4349.2,4426.1,4915,4506.9,4497.4,4546.5,5122,4471.3,4560.6,4581.6,5186.2,4719.8,4784.1,4778.6,5494.8,4966.8,5188.2,5135.4,5690.4,5293.5,5673.8,5568.9,6094.2,5712.7,5858.7,5814.6,6616.6,5765.6,6267.9,6131.1,6910.9,6474.7,6553.4,6408.3,7252.5,,,,,,,,,,,,,,,,,,,,
162,52,8,MACRO       ,1980,1,2298.3,2424.67,2584.65,2639.42,2452.02,2537.49,2726.36,2843.85,2615.11,2778.08,2918.75,3023.41,2733.07,2933.31,3089.19,3256.6,2968.74,3101.7,3277.21,3420.1,3097.55,3286.21,3491.96,3608.53,3259.04,3492.27,3665.64,3808.02,3397.47,3644.83,3812.8,3958.78,3602.73,3845.49,4022.27,4195.29,3867.28,4142.62,4217.79,4487.61,4089.69,4431.36,4629.82,4832.81,4329.55,4644.97,5024.15,5148.82,4619.4,5036.83,5300.1,5330.09,,,,,,,,,,,,,,,,,,,,
163,47,8,FINANCE     ,1983,3,4189.34,4254,4315.34,4406,4195.34,4285.34,4082.66,4326,4100,4090,3264.66,3254.66,3024,2887.34,2886.66,3029.34,3057.34,3045.34,2882.66,2754,2719.34,2741.34,2732.66,2976.66,3082,2998.66,2998.66,3026,3048,3062.66,3740,3739.34,3688,3048,3334,3008.66,3018.66,2940,2768,2806.66,2285.34,2097.34,2032.66,2026,2426.66,2178,2226.66,,,,,,,,,,,,,,,,,,,,,,,,,
164,44,8,FINANCE     ,1984,4,8358.35,8656.65,9076.65,9001.65,8683.35,9325,7950,7908.35,7863.35,8216.65,8375,8176.65,7940,7151.65,6563.35,6481.65,6711.65,6640,6565,6205,6145,6056.65,6146.65,6338.35,6385,5846.65,5080,4771.65,4293.35,4336.65,4141.65,3638.35,3616.65,3735,3566.65,3151.65,2926.65,2783.35,3523.35,4175,4473.35,4358.35,3891.65,3951.65,,,,,,,,,,,,,,,,,,,,,,,,,,,,
165,39,8,FINANCE     ,1986,1,4780,3453.34,3546.66,4106.66,5260,4800,2800,3113.34,3260,3046.66,2953.34,3546.66,3186.66,2173.34,1953.34,3006.66,3295.34,2910.66,2965.34,2896,2696.66,2574.66,2553.34,3774,2616,2440,2222.66,2156,2342.66,2330.66,1888.66,1870,1900.66,2027.34,2284.66,3200.66,3211.34,2752,2694,,,,,,,,,,,,,,,,,,,,,,,,,,,,,,,,,
166,52,8,FINANCE     ,1982,4,4780,4780,4940,4875,4970,5375,6125,5720,4375,4530,3970,4030,4065,3750,3500,3065,3375,3250,3595,3845,4000,3470,3905,4345,4655,5220,4655,4625,4190,4250,4190,4190,3875,3190,3125,2845,2190,2190,2000,1690,1750,1625,1690,1595,1690,1970,2345,2750,3250,3125,3030,2970,,,,,,,,,,,,,,,,,,,,
167,52,8,FINANCE     ,1976,1,2820,2360,2900,3980,3820,6280,5220,4440,1220,1840,1860,340,180,2666.66,3233.34,1933.34,2546.66,7280,5046.66,3453.34,4626.66,5800,5233.34,7813.34,5113.34,2266.66,1680,1520,2866.66,5586.66,3946.66,2346.66,5500,5940,7818.66,7466.66,8313.34,9133.34,7020,5546.66,7753.34,8580,5353.34,3673.34,5033.34,6393.34,5206.66,3446.66,1286.66,4080,4893.34,7493.34,,,,,,,,,,,,,,,,,,,,
168,50,8,FINANCE     ,1980,1,5933.35,6050,6083.35,6266.65,7598.35,7643.35,6720,6743.35,6485,6965,7265,5868.35,4883.35,5500,5403.35,5920,5368.35,5415,6736.65,6013.35,6263.35,7396.65,7565,6471.65,5821.65,5471.65,4666.65,4340,5473.35,4271.65,4273.35,4303.35,4621.65,5140,5170,5230,5306.65,5783.35,6053.35,5896.65,6820,6416.65,6285,7373.35,6465,5821.65,5198.35,6135,6230,5955,,,,,,,,,,,,,,,,,,,,,,
169,67,8,FINANCE     ,1978,4,5500,5971.67,5873.33,6668.33,7435,8018.33,8010,7301.67,6996.67,6078.33,5795,6776.67,7411.67,6685,6283.33,5305,4663.33,5291.67,4820,4645,4425,4358.33,4343.33,5200,4696.67,6030,5960,5568.33,5551.67,5833.33,4835,4741.67,5320,5026.67,4403.33,4718.33,4345,4246.67,3958.33,5376.67,5981.67,6208.33,6433.33,6226.67,7235,7236.67,7233.33,7150,6541.67,6415,5443.33,5063.33,4990,4971.67,4801.67,4706.67,3390,2705,2638.33,2561.67,2451.67,2415,2428.33,2736.67,2845,3068.33,3218.33,,,,,
170,52,8,FINANCE     ,1982,4,3966.67,4040,4210,4593.33,4396.67,4566.67,4921.67,5171.67,4486.67,4091.67,3761.67,3551.67,3566.67,3443.33,3065,2766.67,2670,2766.67,2866.67,3016.67,3001.67,2880,3115,3496.67,3851.67,4266.67,4220,3925,3816.67,3878.33,3883.33,3746.67,3511.67,3026.67,2796.67,2703.33,2291.67,1955,1861.67,1565,1538.33,1496.67,1491.67,1510,1540,1625,2018.33,2255,2641.67,2890,2811.67,2690,,,,,,,,,,,,,,,,,,,,
171,37,8,FINANCE     ,1984,2,5906.65,6058.35,6000,5943.35,6196.65,6120,4945,5041.65,6045,6043.35,5866.65,6516.65,9266.65,8883.35,7466.65,6116.65,5383.35,5250,5845,6618.35,7050,7531.65,7583.35,7483.35,7330,7333.35,7370,7205,6568.35,6325,6305,6280,6153.35,6450,7130,7466.65,6585,,,,,,,,,,,,,,,,,,,,,,,,,,,,,,,,,,,
172,70,8,FINANCE     ,1972,4,2051.65,2075,2166.65,2576.65,3148.35,3483.35,3598.35,4128.35,3830,4228.35,5010,5050,4696.65,3383.35,3713.35,3740,3348.35,3536.65,4148.35,4763.35,4540,4186.65,4331.65,4545,4373.35,3688.35,3936.65,4411.65,4146.65,4228.35,5010,5050,4696.65,5180,6136.65,6560,6270,6918.35,7888.35,6893.35,6095,5063.35,5420,4855,3655,4498.35,6351.65,5425,5395,5878.35,7391.65,7616.65,8513.35,8870,6761.65,7830,8040,8015,6825,5935,5340,5135,5558.35,6176.65,6928.35,7690,8395,8530,8885,8438.35,,
173,58,8,FINANCE     ,1981,1,1438,1710,2208.66,2485.34,3036.66,3183.34,3262,2990.66,2222,2344.66,2946,3243.34,3550,3550,4150,4216.66,4350,3834,3192.66,2674.66,2409.34,2210,1967.34,1756.66,1739.34,1733.34,1738.66,1760,1968.66,2270,2507.34,2878.66,3102.66,3354,3428,3584,3596.66,3598.66,3530.66,3510.66,3424,3344,3328.66,3250,3158.66,2898,2550,2410,2306,2301.34,2337.34,2104.66,2029.34,2128,2156.66,2429.34,2573.34,2699.34,,,,,,,,,,,,,,
174,53,8,FINANCE     ,1982,2,8756.67,8193.33,6680,5690,4700,5265,5770,5976.67,6446.67,6655,7196.67,6680,6488.33,5470,5810,6107.67,4773.33,4963.33,4905,4760,4066,4091.33,4471,4013.33,3700,5123.33,5523.33,6573.33,7063.33,7476.67,8736.67,8366.67,8326.67,8323.33,9093.33,9106.67,8853.33,9196.67,9243.33,9520,9520,9656.67,8700,8243.33,7443.33,7023.33,6176.67,5483.33,5170,4750,4733.33,4750,4403.33,,,,,,,,,,,,,,,,,,,
175,71,8,FINANCE     ,1977,4,2892,2816,2760,2686.66,2694,2744,2784.66,2820.66,2894,3025.34,3135.34,3304,3419.34,3520,4172,4437.34,4320,4202,4224.66,4179.34,4110,3816.66,3568,3550,3480.66,3195.34,3028,2881.34,2855.34,2494,2665.34,2649.34,2594,2547.34,2128.66,1932.66,1810.66,1740.66,1834.66,2094,2077.34,2054,2012,2038.66,2023.34,2013.34,2128,2166,2272,2318,2311.34,2297.34,2280.66,2237.34,2638.66,2652.6,2577.66,2524.46,2558.26,2763.74,2767.4,2631.96,2502.64,2059.68,1853.18,1826.68,1958.04,2273.58,2393.4,2546.32,2539.28,
176,52,8,FINANCE     ,1982,4,6240,4823.33,5110,5503.33,5700,5856.67,5703.33,5870,5700,6383.33,6906.67,6110,5816.67,5800,6093.33,5686.67,5740,5616.67,5206.67,4970,4850,4050,3696.67,4950,5236.67,6020,6600,7123.33,8226.67,8466.67,8096.67,8056.67,8540,8950,8943.33,8903.33,9236.67,9456.67,9366.67,9493.33,8763.33,8250,7410,6650,6083.33,5516.67,5183.33,4870,5000,4936.67,4283.33,3990,,,,,,,,,,,,,,,,,,,,
177,50,8,FINANCE     ,1983,1,4663.33,4590,4628.33,4738.33,5013.33,5665,6146.67,5293.33,5195,4768.33,4460,4436.67,5381.67,4273.33,4156.67,4130,3553.33,4093.33,4551.67,4093.33,4203.33,4496.67,4933.33,5331.67,5821.67,6103.33,6083.33,6100,6460,6800,6383.33,5973.33,4978.33,4450,4255,3770,3588.33,3066.67,2893.33,3623.33,2918.33,2456.67,2258.33,2055,2145,3138.33,2738.33,3056.67,3994.5,3671.67,,,,,,,,,,,,,,,,,,,,,,
178,57,8,FINANCE     ,1979,4,5218.33,5788.33,5820,5766.67,5978.33,6331.67,6703.33,6725,6736.67,6890,6618.33,6418.33,6125,6335,5145,4475,4810,6208.33,5875,5700,5416.67,5341.67,4620,4493.33,4416.67,4875,3991.67,3675,3640,3875,3521.67,3253.33,3355,3146.67,3038.33,3451.67,3588.33,3845,4041.67,4135,4873.33,5180,4908.33,4585,4561.67,4780,4485,4523.33,4678.33,4770,4750,4793.33,4398.33,4341.67,3721.67,4770,4200,,,,,,,,,,,,,,,
179,48,8,DEMOGRAPHIC  ,1982,1,3570,3610,3695,3740,3800,3845,3910,3955,4025,4055,4110,4160,4215,4245,4310,4340,4385,4415,4465,4495,4535,4565,4615,4655,4720,4770,4835,4885,4945,5000,5080,5130,5215,5270,5345,5380,5455,5510,5575,5610,5675,5710,5770,5805,5875,5915,5975,6010,,,,,,,,,,,,,,,,,,,,,,,,
180,48,8,DEMOGRAPHIC  ,1982,1,3470,3510,3610,3645,3705,3745,3835,3875,3940,3980,4040,4090,4150,4180,4260,4290,4340,4375,4435,4460,4515,4540,4600,4635,4700,4750,4820,4880,4950,5000,5100,5145,5230,5290,5375,5415,5490,5540,5605,5640,5695,5730,5790,5830,5895,5930,5995,6030,,,,,,,,,,,,,,,,,,,,,,,,
181,48,8,DEMOGRAPHIC  ,1982,1,3740,3790,3865,3910,3975,4020,4060,4100,4165,4195,4230,4280,4325,4355,4400,4420,4465,4485,4520,4545,4570,4605,4645,4690,4765,4820,4855,4890,4940,5000,5055,5100,5180,5240,5290,5325,5400,5460,5515,5555,5630,5675,5720,5760,5835,5890,5940,5970,,,,,,,,,,,,,,,,,,,,,,,,
182,48,8,DEMOGRAPHIC  ,1982,1,3695,3735,3810,3845,3920,3955,4005,4040,4110,4150,4195,4250,4315,4340,4375,4390,4450,4485,4505,4535,4555,4580,4625,4670,4765,4810,4845,4880,4945,5000,5055,5100,5200,5265,5320,5360,5430,5500,5560,5610,5700,5735,5785,5825,5930,5985,6030,6065,,,,,,,,,,,,,,,,,,,,,,,,
183,48,8,DEMOGRAPHIC  ,1982,1,3540,3570,3685,3710,3775,3800,3895,3935,3965,3995,4095,4140,4185,4190,4330,4350,4405,4435,4530,4550,4630,4645,4695,4735,4790,4820,4905,4920,4970,5000,5105,5140,5215,5230,5325,5365,5455,5475,5530,5545,5595,5620,5655,5680,5720,5745,5795,5830,,,,,,,,,,,,,,,,,,,,,,,,
184,70,8,DEMOGRAPHIC  ,1978,2,3949.54,3988.48,4029.7,4068.03,4097.58,4118.75,4133.96,4152.89,4127.06,4107.47,4139.3,4162.67,4168.04,4172.02,4159.21,4131.88,4108.1,4075.24,4053.06,4059.79,4091.29,4133.69,4192.15,4248.03,4294.38,4336.42,4376.45,4408.38,4437.85,4462.89,4491.38,4511.16,4524.65,4545.52,4577.23,4605.83,4640.45,4671.73,4717.4,4753.46,4791.31,4823.83,4861.17,4902.27,4923.42,4936.71,4958.83,4993.39,5013.96,5006.83,4986.63,4960.88,4942.59,4941.16,4943.31,4939.12,4954.52,4964,4977.64,5001.25,5026.23,5043.99,5066.98,5116.85,5163.4,5205.13,5245.02,5304.31,5317.56,5336.83,,
185,69,8,DEMOGRAPHIC  ,1961,1,4790.92,4795.33,4822.62,4797.52,4822.17,4843.08,4850.79,4827.02,4796.65,4854.96,4870.81,4891.06,4881.38,4921.43,4956.21,4962.81,4949.38,4977.99,4992.73,5009.02,4990.98,5014.96,5022.23,5028.83,4894.36,4918.13,4936.4,4899.87,4862.89,4882.69,4895.46,4883.8,4855.4,4874.33,4880.94,4861.79,4851.44,4840.22,4842.42,4827.02,4749.77,4866.63,4734.37,4726.44,4753.51,4867.29,4793.35,4822.4,4865.09,4987.67,4900.96,4904.71,4889.52,5015.63,4938.81,4924.73,4871.48,4998.24,4891.06,4876.54,4824.15,4960.6,4960.6,4968.75,4973.15,4866.85,4869.94,4871.25,4887.54,,,
186,71,8,DEMOGRAPHIC  ,1977,4,4711.25,4638.52,4680.18,4780.85,4732.94,4656.79,4718.14,4806.58,4760.37,4678.7,4734.53,4843.22,4788.02,4710,4766.51,4860.58,4774.31,4664.64,4721.72,4800.6,4704.42,4601.19,4650.7,4755.87,4667.94,4584,4666.35,4791.04,4701.01,4603.35,4694.29,4822.57,4725.65,4643.76,4736.06,4858.13,4748.24,4652.01,4749.1,4866.33,4753.65,4688.38,4778.12,4906.51,4819.95,4775.96,4858.87,4998.47,4913.34,4878.17,4967.91,5113.65,5040.36,4996.94,5089.3,5242.33,5140.46,5106.48,5207.1,5342.94,5211.77,5128.62,5210.17,5327.04,5196.34,5139.95,5231.17,5357.85,5241.19,5161.86,5238.74,
187,72,8,DEMOGRAPHIC  ,1976,1,5312.97,5449.88,5348.53,5200.95,5483.67,5295.19,5247.18,5213.4,5227.62,5213.4,5252.51,5318.3,5213.4,5320.08,5337.86,5405.43,5362.76,5209.84,5147.6,4895.12,4829.33,4733.31,4939.57,4724.42,4831.1,4854.22,4847.11,4589.28,4875.56,4852.44,4857.77,4836.44,5168.94,5129.82,5200.95,5309.41,5177.83,5307.63,5544.12,5583.24,5691.71,5574.35,5512.12,5462.33,5241.85,5364.53,5264.96,5186.72,5142.7,5115.43,5071.81,5080.9,5006.36,4973.64,5059.08,5144.52,4990,5006.36,5059.08,4944.56,4904.56,4886.38,4835.48,4739.14,4740.96,4782.77,4795.49,4615.52,4515.54,4344.67,4455.55,4384.66
188,70,8,DEMOGRAPHIC  ,1975,2,5337.8,5290.1,5229.5,5161.1,5173.33,5218.62,5220.78,5130.06,5132.18,5171.98,5160.38,5108.27,5093.34,5131.39,5132.18,5092.71,5097.84,5158.15,5178.86,5158.94,5158.38,5192.33,5158.98,5085.7,5049.63,5060.49,5012.48,4924.56,4886.64,4880.77,4807,4697.55,4659.28,4675.25,4660.22,4604.79,4597.17,4642.93,4649.16,4628.54,4648.94,4724.63,4733.24,4719.16,4741.72,4805.78,4791.44,4749.36,4744.68,4782.75,4759.95,4718.35,4725.44,4778.66,4768.56,4804.09,4830.63,4910.46,4918.78,4934.74,4964.65,5045.9,5054.71,5056.17,5063.73,5091.18,5068.58,5013.33,4975.49,4960.51,,
189,72,8,DEMOGRAPHIC  ,1977,2,4710.98,4887.6,4891.88,4803.04,4836.23,5066.37,4989.29,4916.5,5077.07,5215.15,5027.83,4998.93,5077.07,5285.81,5103.83,5062.08,5133.81,5373.58,5124.17,5077.07,5092.06,5371.44,5173.41,5013.92,5089.92,5257.98,5111.33,5059.94,5094.2,5269.75,5123.1,4914.37,5005.35,5282.6,5103.83,4933.63,5071.72,5208.73,5112.4,4874.76,4902.59,5209.81,5074.93,4868.33,5006.42,5259.04,5134.88,4922.93,5078.14,5214.08,5102.76,4953.97,4997.86,5107.04,4941.13,4661.75,4683.15,4816.96,4606.08,4417.69,4468,4591.1,4359.88,4152.21,4195.04,4313.85,4116.89,3945.62,4043.03,4229.29,4064.44,3917.79
190,44,8,DEMOGRAPHIC  ,1983,2,5229.29,5247.52,5179.78,5099.01,5083.38,5085.98,5059.93,4932.26,4921.83,4929.65,4908.81,4838.46,4861.91,4906.2,4835.85,4773.32,4783.74,4786.35,4710.79,4643.04,4645.65,4755.08,4760.29,4752.48,4799.38,4934.86,4981.76,4934.86,5002.6,5091.19,5085.98,5018.24,5046.9,5096.4,5075.56,4958.31,4986.97,5046.9,5028.66,4945.28,4989.58,5036.48,5062.53,5070.35,,,,,,,,,,,,,,,,,,,,,,,,,,,,
191,70,8,DEMOGRAPHIC  ,1978,2,5234.31,5330.91,5237.91,5207.91,5489.02,5576.02,5375.92,5412.22,5750.93,5816.63,5609.33,5602.12,5798.63,5927.34,5579.62,5507.32,5659.43,5564.02,5500.72,5409.82,5508.22,5596.72,5289.21,5315.01,5475.22,5514.22,5292.21,5265.21,5535.22,5457.82,5222.91,5299.41,5465.92,5303.91,5135.6,5053.7,5202.81,5276.91,4961.9,4964.3,5013.8,5074.1,4862.29,4883,5142.81,5235.51,4944.8,4902.5,5117.6,5140.71,4839.19,4603.68,4702.69,4570.38,4201.37,4044.46,4155.77,4187.57,3920.26,3749.25,3897.76,3937.36,3658.65,3616.34,3850.65,4048.36,3825.45,3845.85,4209.77,4216.97,,
192,71,8,DEMOGRAPHIC  ,1977,4,4934.81,4892.28,4844.19,4827.89,4802.05,4762.31,4728.52,4724.54,4698.71,4629.15,4526.6,4508.31,4467.77,4416.89,4379.13,4375.95,4344.94,4330.24,4330.24,4323.08,4319.11,4271.01,4294.46,4300.03,4283.33,4274.98,4242.39,4246.76,4197.87,4188.33,4179.59,4214.17,4224.9,4353.77,4396.38,4442.88,4473.13,4479.61,4515.66,4592.02,4621,4628.11,4653.99,4710.59,4737.9,4771.33,4846.97,4939.51,4932.11,4961.43,4991.26,5031.01,5016.3,5000.3,5017.15,5038.96,4992.01,4948.32,4951.79,4933.78,4827.86,4722.85,4717.22,4720.97,4659.94,4624.89,4661.74,4685.19,4678.44,4714.21,4780.59,
193,72,8,DEMOGRAPHIC  ,1977,4,5200.8,5169.56,5187.88,4975,4990.83,5008.75,5098.31,5117.9,5120.4,5192.47,5269.12,5165.81,5144.15,5178.31,5277.46,5149.14,5263.71,5194.55,5203.71,4983.75,4842.52,4773.37,4786.29,4715.88,4778.79,4707.96,4782.54,4755.04,4829.61,4809.62,4736.71,4621.73,4750.88,4802.12,4774.62,4693.8,4702.13,4749.21,4790.87,4807.53,4949.17,4903.35,4911.68,5015.83,5053.33,5069.99,5167.47,5149.14,5144.15,5037.08,5012.5,5000.83,4949.59,4819.62,4683.38,4612.15,4674.64,4614.65,4622.98,4608.4,4755.46,4436.76,4449.26,4379.69,4528.83,4533.41,4590.07,4663.81,4642.56,4669.64,4612.98,4654.64
194,70,8,DEMOGRAPHIC  ,1964,2,4648.43,4789.8,4718.41,4718.41,4889.18,5041.75,5034.75,5033.35,5195.71,5292.29,5216.71,5124.33,5169.12,5269.9,5127.13,4994.16,5114.53,5219.51,5178.92,5143.92,5300.69,5321.69,5268.5,5146.72,5185.92,5209.71,5079.54,4989.96,5132.73,5192.92,5114.53,5045.94,5204.11,5285.29,5247.5,5243.3,5461.66,5556.84,5552.64,5523.25,5694.01,5710.81,5540.04,5254.5,5374.88,5325.89,5264.3,5281.1,5442.06,5456.06,5328.69,5191.52,5359.48,5394.47,5269.9,5191.52,5373.48,5461.66,5411.27,5370.68,5554.04,5638.02,5514.85,5391.67,5450.46,5444.86,5379.08,5374.88,5611.43,5530.24,,
195,61,8,DEMOGRAPHIC  ,1980,2,5861.42,5822.49,5775.31,5721.98,5662.8,5620.11,5613.01,5611.97,5617.81,5599.55,5581.7,5543.81,5503.84,5478.48,5445.7,5404.89,5357.51,5324.84,5289.46,5247.39,5211.17,5181.85,5165.35,5142.6,5123.71,5092.19,5056.39,5026.43,5003.47,4972.26,4942.31,4935.31,4929.89,4928.74,4929.78,4949.09,4965.27,4976.02,4992.93,5001.9,5008.69,4996.9,4992.51,4960.47,4919.35,4893.98,4858.18,4826.35,4796.39,4778.75,4690.98,4641.4,4548.92,4501.64,4466.15,4442.98,4444.76,4443.71,4446.22,4456.13,4476.07,,,,,,,,,,,
196,37,8,DEMOGRAPHIC  ,1986,2,5031.69,4957.74,4947.17,4893.47,4866.17,4964.78,4887.3,4855.61,4904.91,4988.55,4959.5,4882.9,4863.53,4975.35,4979.75,4993.84,5035.22,4967.42,5003.52,5059.87,5042.26,5069.56,4995.6,4935.73,5007.04,4937.49,4941.01,4902.27,4844.16,4882.9,4806.3,4719.14,4743.79,4826.55,4740.27,4623.17,4652.23,,,,,,,,,,,,,,,,,,,,,,,,,,,,,,,,,,,
197,70,8,DEMOGRAPHIC  ,1972,4,4996.87,4975.01,5193.88,5251.17,5208.88,5178.15,5404.74,5451.41,5404.65,5334.91,5465.19,5416.2,5316.4,5229.48,5314.99,5305.49,5240.44,5162.58,5251.12,5248.53,5144.35,5042.02,5152.58,5189.79,5147.36,5085.43,5205.38,5199.73,5205.23,5153.3,5244.99,5242.9,5222.23,5137.36,5224.25,5178.86,5190.47,5127.57,5137.62,5129.79,5107.1,4983.37,5031.07,5015.48,5015.9,4870.13,4967.31,4985.85,4977.52,4909.01,5010.46,5041.36,5039.16,4996.19,5104.63,5148.75,5149.87,4971.1,5228.98,5172.46,5267.07,5199.6,5383.03,5427.83,5417.03,5363.81,5514.9,5551.03,5573.42,5556.07,,
198,54,8,DEMOGRAPHIC  ,1980,2,6093.55,6065.65,6054.03,5993.06,5983.23,5943.71,5910.81,5811.29,5825.81,5743.55,5658.06,5458.06,5459.68,5391.94,5327.42,5303.23,5345.16,5393.55,5404.84,5330.65,5369.35,6000,6080.65,6016.13,6000,5903.23,5870.97,5935.48,5661.29,5580.65,5532.26,5467.74,5532.26,5532.26,5225.81,5145.16,5209.68,5129.03,5016.13,4951.61,5080.65,5000,4967.74,4822.58,4774.19,4790.32,4612.9,4580.65,4645.16,4903.23,4935.48,4629.03,4677.42,4806.45,,,,,,,,,,,,,,,,,,
199,52,8,DEMOGRAPHIC  ,1977,4,5386.09,5316.12,5331.11,5344.44,5254.48,5281.13,5341.11,5367.76,5359.43,5337.78,5399.42,5382.76,5259.48,5194.5,5161.18,5172.84,5016.24,4954.6,5002.92,4987.92,4904.62,4894.63,4956.27,5002.92,4919.62,4909.62,4972.93,5096.21,5027.9,5024.57,5076.22,5169.51,5101.21,5089.55,5142.86,5237.82,5119.53,5006.25,5036.23,5131.19,5079.55,5027.9,5087.88,5136.19,5091.21,5074.55,5136.19,5166.18,5119.53,5029.57,4997.92,5069.56,,,,,,,,,,,,,,,,,,,,
200,48,8,DEMOGRAPHIC  ,1964,1,985,1740,1800,3340,3150,2765,3930,1780,3675,6035,13420,2760,4075,6625,5880,3650,7255,6230,8820,3110,2035,11670,17130,7925,1940,10890,10415,9460,3110,3375,5365,3620,3675,20245,11385,4715,2830,7375,12855,5790,5650,20375,14200,8190,6475,10545,20255,20125,,,,,,,,,,,,,,,,,,,,,,,,
201,48,8,DEMOGRAPHIC  ,1964,1,5920,5980,6045,6080,6210,6235,6225,6220,6270,6285,6310,6340,6415,6430,6420,6470,6535,6550,6570,6610,6670,6715,6755,6805,6875,6900,6870,6920,6970,6815,6470,6485,6440,6390,6345,6405,6450,6440,6520,6615,6650,6670,6530,6315,6110,6045,6005,6020,,,,,,,,,,,,,,,,,,,,,,,,
202,48,8,DEMOGRAPHIC  ,1964,1,3550,2545,2000,2150,2592.05,2080,1885,2495,3375,2870,2700,3085,3825,3310,2975,3255,4080,3325,2720,3160,3730,2835,2260,2900,3210,2495,2425,3140,3835,3245,3165,4475,5720,4820,4750,5500,5400,4045,3445,3930,5020,3890,5360,10130,14670,12660,12430,14025,,,,,,,,,,,,,,,,,,,,,,,,
